seq,pmid,first_author,year,title,doi,filename,table_source,extraction_status,n_total,n_int,n_ctrl,sex,age,int_duration_wk,int_freq_pw,cmj_data_quality,cmj_pre_mean_int,cmj_pre_sd_int,cmj_post_mean_int,cmj_post_sd_int,cmj_raw_extracted,sj_raw_extracted,dj_raw_extracted,sprint_raw_extracted,all_mean_sd_pairs,needs_manual,extraction_notes
1,39691831,Cleary CJ,2025,Evaluation of rest interval following a series of tuck jumps on,10.1016/j.jesf.2024.11.001,1-s2.0-S1728869X24000674-main.pdf,Table3,auto_draft,15,5,10,mixed,,,,good,,,,,"[CMJ] hadgreaterCMJheightthanfemales( 61.7±9.4 vs.47.0±6.03cm, differences be",,,,"[unknown] Results:RPPandRMPweresignificantlygreaterthanCONforER1by 0.92±0.23 Wkg (cid:0)1and0.41±0.14W || [unknown] (cid:0)1,respectively,andER5by 0.77±0.23 Wkg (cid:0)1and0.36±0.10Wkg (c || [unknown] ted offour study sessions per participant, each separated by 7±2 days: familiarization, control || [CMJ] hadgreaterCMJheightthanfemales( 61.7±9.4 vs.47.0±6.03cm, differences be || [unknown] acrosscondition,males( 13.0±1.8 Wkg (cid:0) 1)hadgreaterRPPtha || [unknown] males( 10.9±1.7 Wkg (cid:0) 1).Further,inER1(1 || [unknown] washigherthanCON( 11.5±1.9 Wkg (cid:0) 1)withnodifference || [unknown] females( 9.1±1.2 Wkg (cid:0) 1)collapsedacrossc || [anthropometry] dER5( 10.0±1.3 W musclemassandhormonaldiffere || [age] Age(years) 21.3±3.6 22.1±2.2 overloaded cycling an || [unknown] WingateLoad(kg) 6.5±1.4 5.1±0.5a vastmixedresults,pote || [unknown] Males 62.23±8.72 a 61.47±8.90a 61.72±10.29a 62. || [unknown]  36±9.95 a 61.21±10.59a 61.21±10.19a || [unknown] Females 46.04±6.06 46.35±5.26 47.15±6",FALSE,CMJ:1 pairs; Total unique Mean±SD pairs: 19
2,24149761,Ramirez-Campillo R,2015,"R ODRIGO R AMI´REZ -C AMPILLO ,1 C E´SAR M.P. M EYLAN ,2,3 C RISTIAN A´ LVAREZ -L EPI´N ,4",,10.1519@jsc.0000000000000283.pdf,Table2,auto_draft,111,54,57,mixed,,6,,none,,,,,,,,,,TRUE,Total unique Mean±SD pairs: 0
3,25474338,Ramirez-Campillo R,2015,"R ODRIGO R AMI´REZ -C AMPILLO ,1 C ARLOS H. B URGOS ,2 C ARLOS H ENRI´QUEZ -O LGUI´N ,2",,10.1519@jsc.0000000000000762.pdf,Table0,auto_draft,22,6,16,mixed,,,2,none,,,,,,,,,,TRUE,Total unique Mean±SD pairs: 0
4,25559905,Ramirez-Campillo R,2015,"R ODRIGO R AMI´REZ -C AMPILLO ,1,2 C ARLOS H ENRI´QUEZ -O LGUI´N ,2 C ARLOS B URGOS ,2",,10.1519@jsc.0000000000000836.pdf,Table2,auto_draft,16,8,8,mixed,,6,,none,,,,,,,,,,TRUE,Total unique Mean±SD pairs: 0
5,34027922,Palma-Munoz I,2021,"I GNACIO P ALMA -M UN˜OZ ,1 R ODRIGO R AMI´REZ -C AMPILLO ,1 J AIRO A ZOCAR -G ALLARDO ,1",,10.1519@jsc.0000000000002950.pdf,Table0,auto_draft,15,7,8,male,,6,,none,,,,,,,,,,TRUE,Total unique Mean±SD pairs: 0
6,23838975,Ramirez-Campillo R,2014,"R ODRIGO R AMI´REZ -C AMPILLO ,1 C RISTIAN A´ LVAREZ ,2 C ARLOS H ENRI´QUEZ -O LGUI´N ,3",,10.1519@jsc.0b013e3182a1f44c.pdf,Table0,auto_draft,28,10,18,male,,6,,none,,,,,,,,,,TRUE,Total unique Mean±SD pairs: 0
7,30899356,Voisin MPJ,2019,Effect of an 8-Week Plyometric Training Program with Raised Forefoot,10.1519/JSC.0000000000002486,Effect of Plyometric Training with Raised Forefoot Platforms.pdf,Table1,auto_draft,49,20,29,mixed,,8,,good,,,,,"[CMJ] ) for CMJ height and agility test time. Eight subjects (age: 20.4±2.9 years; height: 178.6 ± 6.5 cm; || [CMJ] ight was similar between the RFP and RS groups at PRE-test ( 30.7±4.2 vs 29.8 ± 3.9 cm respectively,",,,,"[CMJ] ) for CMJ height and agility test time. Eight subjects (age: 20.4±2.9 years; height: 178.6 ± 6.5 cm; || [anthropometry] body mass: 74.1±13.2 kg) performed these two sessio || [anthropometry] d, completed the study: 20 in the RFP group (mean ± SD; age: 20.7±3.8 years; height: || [anthropometry]  180.9±7.2 cm; body mass: 76.3 ± 12.2 kg) || [anthropometry] and 29 in the RS group (age: 19.9±4.4 years; height: || [anthropometry]  182.4±8.3 cm; body mass: 77.9 ± 12.4 kg) || [CMJ] ight was similar between the RFP and RS groups at PRE-test ( 30.7±4.2 vs 29.8 ± 3.9 cm respectively, || [unknown] MID-test ( 11.07±1.10 vs 11.06 ± 0.84 and 10.41 ± 0.",FALSE,CMJ:2 pairs; Total unique Mean±SD pairs: 8
8,28522976,Mueller S,2017,"SteffenMueller*,JosefineStoll,JulianeMueller,MichaelCasselandFrankMayer",10.3389/fphys.2017.00274,PMID28522976.pdf,Table3,auto_draft,19,8,11,mixed,,,,none,,,,,,,,,"[unknown]  174±7 cm;67±8kg;14.9±9.5h/wetraining || [unknown] dequate(neuromuscular)compensationstrategyisdiscussed BP 7/4 15.9±1.3 176±11 68±11 12.4±10.7 3.2±1.4 || [unknown] ommon cause of overloading and injury. As a possible NBP 7/4 15.5±1.3 174±7 67±8 14.9±9.5 0±0 || [strength/power] Trunk Muscle Activity 71 ms, a mean jump time of 434±49 ms, a peak force during || [unknown] f the trunk was assessed using a bilateral take-offphaseof2, 756±539 Nandaperformanceindexof0.83 || [unknown] 00-S, interelectrode distance: 2 cm) were SEMG-RMSrangedfrom 15±13 to110±54%inNBPand11 || [unknown]  the skin was shaved and slightly roughened to remove ± 5 to 128±74 % in BP without significant gr || [unknown] nal axes of the electrodes were placed in line with the from 28±23 to 149 ± 52% in NBP and 34 ± 2 || [unknown] verall gain: 2,500, sampling frequency: highestactivity(NBP: 95±182 %;BP:120±62%)inbothgroups. || [unknown]  of the outcome measures. SEMG amplitudes SEMG-RMSrangedfrom 12±5 %to99±64%in",TRUE,Total unique Mean±SD pairs: 19
9,32841300,Van Roie E,2020,"EvelienVanRoieID 1*,SimonWalkerID 2,StijnVanDriessche1,TijsDelabastita3,",10.1371/journal.pone.0237921,PMID32841300.pdf,Table3,auto_draft,26,12,14,male,,12,,good,,,,,"[CMJ] yheight: 174.8±6.4 cm,BMI:27.1±3.2kg/m2)werefound || [CMJ] Bodyheight(cm) 170.1±5.4 175.6±5.8 177.6±6.5� 0.008",,,,"[unknown] Accepted:August5,2020 ( 69.5±3.9 years)wererandomizedto12-weeks || [unknown] threeinPLYO(2musclestrains,1kneepain)droppedout.Adherenceto( 91.2±4.4 %)and || [unknown] acceptabilityof(�7/10)PLYOwashigh.1-RMimprovedmoreinRT( 25.0±10.0 %)and || [anthropometry] tion.Intotal,42men(age: 69.4±3.8 years,bodymass:82.7±10.5kg,bod || [CMJ] yheight: 174.8±6.4 cm,BMI:27.1±3.2kg/m2)werefound || [age] Age(years) 68.2±2.7 69.6±3.3 70.5±5.1 0.334 || [CMJ] Bodyheight(cm) 170.1±5.4 175.6±5.8 177.6±6.5� 0.008 || [anthropometry] Bodymass(kg) 81.1±9.9 86.1±11.8 80.2±10.2 0.305 || [unknown] BMI(kg/m2) 28.0±2.8 27.9±3.5 25.4±2.8 0.060 || [unknown] ExercisesessionadherencewashigherinWALK( 106.7±18.6 %)thaninPLYO || [unknown] ber,adherenceinWALKdroppedto 93.1±7.8 andwasnolongerdifferentfromPLY || [unknown] sis,adherenceincreasedto 91.2±4.4 %inPLYOand93.9±4.8%inRT.Thenum || [unknown] groupwalksattendedwas 12.4±9.6 (rangingfrom1to29),whichcorres || [unknown] weekonaverage.Groupsizeduringthesewalkswas 4±2",FALSE,CMJ:2 pairs; Total unique Mean±SD pairs: 63
10,33180872,Fernandez-Fernandez J,2020,"JaimeFernandez-FernandezID 1,2*,IsidoroMartinez-Martin1,2,VicenteGarcia-Tormo1,2,",10.1371/journal,PMID33180872.pdf,Table3,auto_draft,119,37,82,mixed,,,,good,,,,,[CMJ]  13.0±0.6 years;height:162.3±7.8cm;bodym || [CMJ]  14.8±0.6 years;height:170.8±8.3cm;bodym || [CMJ] Height(cm) 162.3±7.8 170.8±8.3� 1.09(Moderate) || [CMJ] CMJ(cm) 23.8±4.9 32.3±6.8� 1.00(Moderate),,,,"[CMJ]  13.0±0.6 years;height:162.3±7.8cm;bodym || [CMJ]  14.8±0.6 years;height:170.8±8.3cm;bodym || [unknown] ass: 63.3±10.9 kg).Subjectswerepartofthe || [unknown] coachingstaff.Allplayersparticipatedinanaverageof 540±10.1 minofcombinedhandball || [unknown] andphysicaltrainingperweekandhadatrainingbackgroundof 5.5±2.8 years.Table1 || [age] Age(years) 13.0±0.6 14.8±0.6� 3.18(Verylarge) || [unknown] APHV(years) 14.0±0.6 14.4±0.6� 0.67(Moderate) || [unknown] MO(years) - 0.97±0.74 0.44±0.84� 1.89(Large) || [CMJ] Height(cm) 162.3±7.8 170.8±8.3� 1.09(Moderate) || [anthropometry] Weight(kg) 54.7±11.7 63.3±10.9� 0.73(Moderate) || [CMJ] CMJ(cm) 23.8±4.9 32.3±6.8� 1.00(Moderate) || [unknown] tripleleg-hoptest(m) 4.49±0.61 5.77±0.95� 1.04(Moderate) || [unknown] nificantdifferencesbetweengroups(e.g., 3.11±0.24 s[U13]vs.2.96±0.16s[U15]).Thes || [agility] TheU15athletesdemonstratedhigherCODdeficit(e.g., 1.18±0.13 %)thantheU13play- || [unknown] ers(i.e., 1.15±0.24 %;consideringMOascovariate).Th || [u",FALSE,CMJ:4 pairs; Total unique Mean±SD pairs: 22
11,35685089,Chottidao M,2022,"MonchaiChottidao1,2,Chia-HuaKuo2,Shiow-ChwenTsai2,Ing-ShiouHwang3,Jiu-JenqLin4",10.3389/fbioe.2022.878527,PMID35685089.pdf,Table2,auto_draft,24,12,12,mixed,,8,3,good,,,,,[CMJ] INTRODUCTION Height(cm) 165.8±8.1 167.6±10.3 0.413,,,,[age] Age(years) 15.5±1.6 15.6±1.6 0.912 || [anthropometry] BodyMass(kg) 57.8±14.0 58.0±12.9 0.737 || [CMJ] INTRODUCTION Height(cm) 165.8±8.1 167.6±10.3 0.413 || [anthropometry] BodyMassIndex(kg/m2) 20.8±3.9 20.5±3.5 0.802 || [unknown] Jabpunchvelocity Pre 4.2±0.5 (3.8–4.5) 4.3±0.6(3.8–4.7) F(1 || [unknown] (m/s) Post 4.6±0.4 (4.3–4.9) 4.5±0.7(3.9–4.9) p-v || [unknown] Crosspunchvelocity Pre 6.8±0.9 (6.2–7.4) 6.4±1.0(5.7–7.1) F(1 || [unknown] (m/s) Post 6.9±0.7 (6.4–7.4) 6.4±1.1(5.6–7.1) p-v || [strength/power] Jabpunchforce Pre 6.7±0.6 (6.3–7.1) 7.2±1.5(6.2–8.1) F(1 || [unknown] (g) Post 7.3±0.9 (6.7–7.8) 7.3±1.4(6.4–8.2) p-v || [strength/power] Crosspunchforce Pre 10.1±2.7 (8.3–11.8) 9.1±1.7(7.9–10.2) F || [unknown] (g) Post 10.5±1.7 (9.3–11.6) 9.2±1.0(8.5–9.8) p- || [unknown] Reactiontime Pre 0.24±0.1 (0.18–0.30) 0.25±0.1(0.17–0.33 || [unknown] (s) Post 0.20±0.03 (0.17–0.22) 0.22±0.1(0.16–0.28 || [unknown] Movementtime Pre 0.64±0.1 (0.58–0.69) 0.66±0.1(0.59–0.73 || [unknown] (s) Pos,FALSE,CMJ:1 pairs; Total unique Mean±SD pairs: 36
12,40595375,Chang CH,2025,This study aimed to evaluate whether a four-week plyometric training program could improve rowing-,10.1038/s41598-025-09673-w,PMID40595375.pdf,Table2,auto_draft,23,11,12,male,,,,good,,,,,"[CMJ]  19.1±3.3 years; height: 169.3 ± 7.3 cm; || [CMJ] raining adapted from, Egan-Shuttler et al., 2017, 2019; age: 18.2±2.6 years; height: 171.7 ± 4.5 cm; || [CMJ] Height (cm) 169.3±7.3 169.3 ± 7.3 171.7 ± 4.5 171.7 || [CMJ] . 2±2.6 Height (cm) | 169.3 ± 7.3 | 16 || [CMJ] CMJ | 1159.75±168.73 | 1208.37 ± 154.56 | 1171.14 ± || [CMJ] CMJ | 16.08±2.67 | 16.85 ± 2.29 | 16.60 ± 2.40",,,[sprint] 31.97 4752.21±1029.77 200ms || [sprint] . 39±14.90 200ms || [sprint] 30ms | 8643.96±2225.64 | 9482.11 ± 3129.76 | 9305.55 || [sprint] 30ms | 12.15±3.20 | 13.34 ± 4.14 | 13.51 ± 3.50,"[CMJ]  19.1±3.3 years; height: 169.3 ± 7.3 cm; || [anthropometry] body weight: 73.4±12.5 kg) or an experimental group ( || [CMJ] raining adapted from, Egan-Shuttler et al., 2017, 2019; age: 18.2±2.6 years; height: 171.7 ± 4.5 cm; || [unknown]  71.3±8.6 kg) for a four-week group trai || [age] Age (years) 19.1±3.3 19.1 ± 3.3 18.2 ± 2.6 18.2 ± 2 || [CMJ] Height (cm) 169.3±7.3 169.3 ± 7.3 171.7 ± 4.5 171.7 || [unknown] BW (kg) 73.4±12.5 73.8 ± 12.5 71.3 ± 8.6 71.6 ± || [unknown] BMI (kg/m2) 25.6±3.9 25.7 ± 3.8 24.2 ± 2.5 24.3 ± 2 || [unknown] SMM (kg) 32.7±5.3 32.9 ± 5.5 33.5 ± 3.3 33.8 ± 3 || [unknown] PBF (%) 20.8±8.7 20.8 ± 8.9 16.5 ± 5.1 16.5 ± 5 || [unknown] RMR (Kcal) 1616.7±185.5 1624.6 ± 192.4 1649.7 ± 114.9 || [unknown]  1658.0±121.5 Table 2. The characteristics a || [unknown] RFD (N·s−1) 8643.96±2225.64 9482.11 ± 3129.76 9305.55 ± 22 || [unknown] 77.44 1 2233.18±3044.56 * || [unknown] RFD /BW (N·s−1·kg−1) 12.15±3.20 13.34 ± 4.14 13.51 ± 3.50 17.7 || [unknown]  9±4.97 * || [unknow",FALSE,CMJ:6 pairs; Sprint:6 pairs; Total unique Mean±SD pairs: 75
13,40847430,Zemkova E,2025,"Zemková and Štefániková BMC Sports Science, Medicine",10.1186/s13102-025-01296-y,PMID40847430.pdf,Table3,auto_draft,,,,mixed,,,,noisy,,,,,[CMJ] when measured during RJs ( 125.2±29.0 cm/s and SJ and CMJ height and,,,,[unknown] 7–8 26 125.3±5.8 24.4 ± 6.9 26 124.6 ± 4.0 24.3 || [unknown] 9–10 25 135.8±6.5 30.6 ± 7.5 24 135.6 ± 4.7 30.3 || [unknown] 11–12 22 146.7±6.9 33.5 ± 8.3 23 145.9 ± 4.9 39.1 || [unknown] 13–14 24 160.5±7.5 48.3 ± 7.9 23 157.9 ± 5.1 47.1 || [unknown] 15–16 26 172.0±7.5 59.0 ± 8.8 26 161.4 ± 6.1 53.4 || [unknown] 17–18 26 175.6±7.8 66.2 ± 9.0 25 163.4 ± 5.8 56.5 || [unknown] 19–20 27 177.0±7.7 70.3 ± 9.1 25 164.5 ± 5.5 58.4 || [unknown] 21–22 26 178.5±8.2 75.6 ± 8.9 25 166.9 ± 5.7 57.3 || [unknown] 23–24 20 178.8±7.9 78.0 ± 10.0 21 166.5 ± 6.3 58. || [unknown]  8±9.1 Zemková and Štefániková BMC Sp || [CMJ] when measured during RJs ( 125.2±29.0 cm/s and SJ and CMJ height and,FALSE,CMJ:1 pairs; Total unique Mean±SD pairs: 11
14,,Received: 18 February 2025 | Revised: 16 April 202,,Received: 18 February 2025 | Revised: 16 April 2025 | Accepted: 29 April 2025,10.14814/phy2.70370,Physiological Reports - 2025 - Fujimori - Mechanical properties of the gastrocnemius muscle‐tendon unit in male athletic.pdf,,auto_draft,67,22,45,male,,,,none,,,,,,,,[sprint] Sprinters have been reported to (mean ± standard deviation): 23.6±2.1 years] and 10,"[unknown] 8574 Japan. als ( 152.8±31.8 vs. 103.6 ± 18.9 Nm). Tendon s || [unknown] Email: sado.natsuki.gm@u.tsukuba. between groups ( 287.3±90.9 vs. 258.4 ± 85.6 N/mm). This s || [sprint] Sprinters have been reported to (mean ± standard deviation): 23.6±2.1 years] and 10 || [unknown] stiffer AT than the untrained population (e.g., Arampatzis 20.1±1.6 years). The athletic career, t || [unknown] 21). To the best of our knowl- and personal best record were 7.7±2.4 years [range: || [unknown] nly Karamanidis and Epro (2020) showed athletic 4–12 years], 12.8±2.7 h/week [range: 8–17 h/week], a || [unknown] jumpers (including 17 long jumpers, 22 high jumpers, 11 2.03±0.11 m [range: 1.84–2.16 m], respec || [unknown] ers ( 287.3±90.9 N/mm) and controls (258.4 ± 85 || [unknown] jumpers ( 152.8±31.8 Nm and 2.34 ± 0.38 Nm/kg) than || [unknown] in the controls ( 103.6±18.9 Nm and 1.63 ± 0.38 Nm/ in AT C || [unknown] lute MVC torque, and normalized 4 years, training volume was 12.8±2.7 h/week [range:",TRUE,Sprint:1 pairs; Total unique Mean±SD pairs: 17
15,,"KoheiKawaguchi,*†MD,ShujiTaketomi,*†‡MD,PhD,YuriMi",,"KoheiKawaguchi,*†MD,ShujiTaketomi,*†‡MD,PhD,YuriMizutani,*MD,EmikoUchiyama,§PhD,",10.1177/23259671211048188,Sex-Based_Differences_in_the_Drop_Vertical_Jump_as_Revealed_by_Video_Motion_Capture_Analysis_Using_Artificial_Intelligence.pdf,,auto_draft,,,,mixed,,,,good,,,,,"[CMJ] onlyWhiteathletes.#Inparticular,therearefewstudies Height,cm 159.0±5.6 173.2±6.4 < .01",,,,"[age] imensional(2-D)motionanalysis,14,15andstudiesbased Age,years 16.6±1.8 19.7±1.4 < .01 || [CMJ] onlyWhiteathletes.#Inparticular,therearefewstudies Height,cm 159.0±5.6 173.2±6.4 < .01 || [anthropometry] regardingDVJinAsianathletes. Weight,kg 53.1±5.1 66.8±7.3 < .01 || [unknown] Laboratory-basedmeasures,suchas3-dimensional(3-D) BMI,kg/m2 21.0±1.2 22.2±1.9 < .01 || [anthropometry] pture, have been used to identify the movement Musclemass,kg 38.8±3.6 53.9±5.1 < .01 || [anthropometry] rnsassociatedwithACLinjuryrisk.21However,itis Bodyfatmass,kg 12.1±4.2 8.7±2.0 < .01 || [unknown] e these assessments in clinical settings Bodyfatpercentage,% 21.9±3.7 13.3±2.6 < .01 || [unknown] Female 13.3±14.8 36.4±14.2 (cid:2)2.9±7.6 29.1± || [unknown] Male 15.1±8.8 33.0±13.3 (cid:2)5.4±6.8 25.7± || [unknown] Female 21.7±7.6 20.8±7.3 (cid:2)1.3±5.1 5.1±4. || [unknown] Male 22.9±7.5 14.3±6.9 (cid:2)3.0±5.3 0.0±3. || [unknown] Female 55.8±16.7 77.5±12.3 6.2±11.6 36.6±5.3 || [unknown] Male 82.0±24.9 87.5±1",FALSE,CMJ:1 pairs; Total unique Mean±SD pairs: 17
16,25671843,Al Haddad H,2015,"Hani Al Haddad, Ben M. Simpson, and Martin Buchheit",10.1123/ijspp.2014-0540,alhaddad2015.pdf,Table3,auto_draft,185,87,98,mixed,14.7±1.7,,,good,,,,,"[CMJ] U17; height 165.1±11.3 cm, body mass 54.7 ± 11.1 kg, || [CMJ] CMJ (cm) 33.10±6.03 35.05 ± 6.11 6.1 (4.8;7.4) 0.3 || [CMJ] CMJ (cm) 32.00±5.89 34.11 ± 6.02 7.0 (5.8;8.1) 0.3",,,[sprint] 10m (s) 1.82±0.11 1.79 ± 0.10 1.2 (0.8;1.6) 0.19 || [sprint] 10m (s) 1.83±0.11 1.81 ± 0.10 1.2 (0.4;1.6) 0.20,"[CMJ] U17; height 165.1±11.3 cm, body mass 54.7 ± 11.1 kg, || [unknown] age 14.7±1.7 over the competitive season.2 || [CMJ] CMJ (cm) 33.10±6.03 35.05 ± 6.11 6.1 (4.8;7.4) 0.3 || [CMJ] CMJ (cm) 32.00±5.89 34.11 ± 6.02 7.0 (5.8;8.1) 0.3 || [sprint] 10m (s) 1.82±0.11 1.79 ± 0.10 1.2 (0.8;1.6) 0.19 || [sprint] 10m (s) 1.83±0.11 1.81 ± 0.10 1.2 (0.4;1.6) 0.20 || [unknown] MSS (km/h) 28.38±2.51 28.96 ± 2.47 2.1 (1.6;2.6) 0.2 || [unknown] MSS (km/h) 28.28±2.47 28.85 ± 2.45 2.0 (1.6;2.5) 0.2",FALSE,CMJ:3 pairs; Sprint:2 pairs; Total unique Mean±SD pairs: 8
17,28820857,Andrade DC,2020,3 KINEMATIC AND NEUROMUSCULAR MEASURES OF INTENSITY DURING,10.1519/JSC.0000000000002143,andrade2020.pdf,Table3,auto_draft,22,11,11,mixed,24.4±3.2,,,good,,,,,[CMJ] Jump height (cm) 27.7±1.5 31.1 ± 1.7 36.4 ± 2.3* 33.1 ±,,,,"[age] -sectional, randomized study, eleven volleyball players (age 24.4±3.2 years) completed 20 to 90- || [anthropometry] 76 Eleven male college volleyball players (age, 24.4±3.2 years; weight, 75.1 ± 13.1 kg; || [anthropometry] height, 1.79±77 0.06 m; body mass index, 21.0 || [strength/power] 186 test, only mechanical power was significantly reduced ( 22.1±2.2 vs. 14.8 ± 2.0 W·kg-1, 0–15 vs || [unknown] reduced during the fatigue test. In MG, compared to 0-15 s ( 74.6±6.6 194 %MVC), the reduction occur || [unknown] 99%) (Figure 2A). In BF, compared to 0-15 s ( 84.9±8 Copyright ª 2017 National Stre || [strength/power] Reactive strength (mm/ms) 1.58±0.2 1.64 ± 0.1 1.93 ± 0.2 1.68 ± 0 || [unknown] .1 1.90±0.1 1.71 ± 0.1 1.63 ± 0.1 1.45 ± 0 || [CMJ] Jump height (cm) 27.7±1.5 31.1 ± 1.7 36.4 ± 2.3* 33.1 ± || [unknown] 1.9 37.0±2.4 * 33.6 ± 1.8 33.6 ± 1.8 31.9 ± || [unknown] MG EC (%MVC) 72.0±6.2 76.7 ± 6.2 91.3 ± 5.2 89.9 ± 6 || [unknown] .6 75.4±2.5 70.9 ± 2.1 69.9 ± 3.4 66.8 ± 4 || [unkn",FALSE,CMJ:1 pairs; Total unique Mean±SD pairs: 28
18,27735886,Asadi A,2017,Mese: december titolo breve: oVerload plyoMeTric TraiNiNG iN BaSKeTBall playerS,10.23736/S0022-4707.16.06640-8,asadi2017.pdf,Table2,auto_draft,,,,mixed,,,,none,,,,,,,,,[anthropometry] t effects of a volume-based overload basketball players (age 18.5±0.8 years; height 186.1±5.6 || [anthropometry] tric training program on the maximal-intensity cm; body mass 78.4±7.6 kg; playing experience 7.5±2.1 || [unknown] eG 44.2±2.1 50.5±2.2* † 14.1 (11.9 to 19.5 || [unknown] cG 47.1±2.1 47.2±2.1 0.5 (0.0 to 2.2) -0.0 || [unknown] eG 228±4.4 239±3.9* † 4.8 (3.9 to 6.3) 2. || [unknown] cG 229±5.0 229±6.0 -0.3 (0.4 to -0.9) -0. || [unknown] eG 13.34±0.50 12.20±0.32* † -8.3 (-2.9 to -1 || [unknown] cG 12.88±0.59 12.90±0.54 0.1 (0.1 to -1.2) 0 || [unknown] eG 18.92±0.76 17.81±0.71* † -5.8 (-2.4 to 8) || [unknown] cG 19.03±0.75 18.97±0.72 -0.3 (0.1 to -4.2) || [unknown] eG 183±8.7 200±9.8* † 8.8 (7.1 to 11.3) 1 || [unknown] cG 182±8.7 182±10.0 -0.5 (-1.1 to 0.5) -0 || [unknown] eG 8.87±0.46 7.45±0.41* † -16 (-14.4 to -18 || [unknown] cG 8.84±0.46 8.86±0.33 -0.4 (-0.3 to -0.8),TRUE,Total unique Mean±SD pairs: 14
19,31498221,Blanco P,2021,"PenelopeBlanco,1SophiaNimphius,1LaurentB.Seitz,1TaniaSpiteri,2andG.GregoryHaff1",,blanco2021.pdf,Table3,auto_draft,,,,male,,,,none,,,,,,,,,,TRUE,Total unique Mean±SD pairs: 0
20,14652496,Blazevich AJ,2003,"ANTHONY J. BLAZEVICH1, NICHOLAS D. GILL2, ROGER BRONKS3, and ROBERT U. NEWTON4",10.1249/01.MSS.0000099092.83611.20,blazevich2003.pdf,Table3,auto_draft,,,,mixed,,,,none,,,,,,,,,,TRUE,Total unique Mean±SD pairs: 0
21,20634738,Byrne PJ,2010,"PAUL J. BYRNE,1 KIERAN MORAN,2 PAULA RANKIN,1 AND SHARON KINSELLA 1",,byrne2010.pdf,Table1,auto_draft,25,6,19,mixed,,8,,none,,,,,,,,,,TRUE,Total unique Mean±SD pairs: 0
22,19675492,Sedano Campo S,2009,"SILVIA SEDANO CAMPO,1 ROEL VAEYENS,2 RENAAT M. PHILIPPAERTS,2 JUAN CARLOS REDONDO,1",,campo2009.pdf,Table0,auto_draft,20,10,10,female,,12,3,none,,,,,,,,,,TRUE,Total unique Mean±SD pairs: 0
23,19479627,Carlson K,2009,This article was downloaded by: [Pennsylvania State University],10.1080/15438620902900351,carlson2009.pdf,Table1,auto_draft,20,8,12,mixed,,,,none,,,,,,,,,[unknown] S 58.0±11.6 59.8 ± 8.8 0.17 || [unknown] P 54.7±8.9 *56.4 ± 9.2 0.35 || [unknown] VNA 59.2±1.6 *61.6 ± 1.5 0.16 || [unknown] VA 65.9±1.1 68.0 ± 1.0 0.20,TRUE,Total unique Mean±SD pairs: 4
24,27240279,Cesar GM,2016,"Guilherme M. Cesar, Curtis L. Tomasevicz & Judith M. Burnfield",10.1080/14763141.2016.1174286,cesar2016.pdf,Table3,auto_draft,20,5,15,mixed,,,,good,,,,,"[CMJ] mean (±SD) age, height, and mass were 19.7±1.1 years, 171.3 ± 10.5 cm, and 68",,[DJ] during DJ ( 3.39±0.52 N/kg) than VJ (2.68 ± 0.44 N/k,,"[CMJ] mean (±SD) age, height, and mass were 19.7±1.1 years, 171.3 ± 10.5 cm, and 68 || [unknown] . 7±8.3 kg, || [unknown] Knee valgus angle (°) 9.7±3.2 9.5 ± 2.9 2.8 4.6 16.8 16.7 || [unknown] Knee internal adductor moment (N/kgm) 0.26±0.10 0.21 ± 0.08 0.05 0.04 0.45 0.3 || [DJ] during DJ ( 3.39±0.52 N/kg) than VJ (2.68 ± 0.44 N/k",FALSE,CMJ:1 pairs; DJ:1 pairs; Total unique Mean±SD pairs: 5
25,28182510,Chaabene H,2017,"“The Effect of Plyometric Training Volume in Prepubertal Male Soccer Players’ Athletic Performance” by Chaabene H, Negra Y",10.1123/ijspp.2016-0372,chaabene2017.pdf,Table0,auto_draft,25,12,13,male,12.68±0.23,8,,good,,,,,[CMJ]  6±0.27 Body height (cm) 157.18 ± 3.59 || [CMJ] CMJ (cm) 23.66±2.83 26.85±2.78 14.46 (-5.18 23.41±,[SJ] SJ (cm) 21.29±3.04 24.64±2.84 16.89 (- 22.18±5 25,,,"[unknown] city (APHV) = 14.25±0.29 years, maturity-offset = -1.57 || [unknown] = 14.33±0.77 years, maturity-offset = -1.61 || [unknown] ipants are presented in table 1. Participants have a mean of 4±1.2 years of systematic || [unknown] 350 jumps) in pre to mid-pubertal male soccer players ( 13±0.9 years). Over 12-weeks period o || [unknown] w-volume PT (50 to 192 jumps) in young male soccer players ( 13.3±0.6 years). || [unknown] Age (y) 12.68±0.23 12.83 ± 0.23 12.72 ± 0.27 12.8 || [CMJ]  6±0.27 Body height (cm) 157.18 ± 3.59 || [unknown]  157.24±3.64 155.86 ± 9.03 156 ± 9.12 || [anthropometry] Body mass (kg) 42.67±4.68 42.88 ±3 .84 44.96 ± 8.52 46.2 || [unknown]  5±8.70 Maturity offset -1.57 ± 0.29 - || [unknown]  1.50±0.29 -1.61 ± 0.76 -1.58 ± 0.94 || [unknown] APHV 14.25±0.29 14.33 ± 0.29 14.33 ± 0.77 14.4 || [unknown]  4±0.89 LPT: Low-volume plyometric tra || [unknown] T (s) 1.19±0.04 1.10±0.06 -7.24 (2.54 1.20±0.1 || [unknown] 0 1.16±0.09 -3 (10.91 to 0.005 0.11 (0.48) || [unknown",FALSE,CMJ:2 pairs; SJ:1 pairs; Total unique Mean±SD pairs: 29
26,20844458,Chelly MS,2010,Impact Factor: 1.86 · DOI: 10.1519/JSC.0b013e3181e2728f · Source: PubMed,10.1519/JSC.0b013e3181e2728f,chelly2010.pdf,Table1,auto_draft,23,11,12,mixed,,8,,none,,,,,,,,,,TRUE,Total unique Mean±SD pairs: 0
27,30204506,Cooke K,2019,“The Difference in Neuromuscular Fatigue and Workload During Competition and Training in Elite Cricketers”,10.1123/ijspp.2018-0415,cooke2019.pdf,Table3,auto_draft,,,,mixed,,,,none,,,,,,,,,"[unknown] o professional English County cricket players (mean ± SD age 24±9 yrs, 182 ± 7 cm, || [unknown]  81±3 kg) volunteered to take part i || [unknown] JH (m) 0.33±0.03 0.33± 0.03 0.33±0.03 0.38 ± 0. || [unknown] 07 0.39±0.08 0.38 ± 0.08 || [unknown] EccDur (s) 0.57±0.07 0.53 ± 0.04 0.57 ± 0.05 0.53 ± || [unknown] 0.04 0.54±0.06 0.53 ± 0.06 || [unknown] ConDur (s) 0.33±0.04 0.32 ± 0.03 0.33 ± 0.04 0.32 ± || [unknown] 0.03 0.31±0.03 0.32 ± 0.04 || [unknown] FT: TotDur 0.58±0.09 0.62 ± 0.07 0.58 ± 0.07 0.66 ± || [unknown] 0.08 0.66±0.09 0.66 ± 0.09 || [unknown] F@Trans (NKg-1) 19.89±2.49 19.54 ± 2.31 19.02 ±2.21 20.97 || [unknown] ± 1.42 21.01±2.26 21.18 ± 1.47 || [unknown] MEccConP (Ws-1) 10.51±3.67 11.80 ± 2.25 10.38 ± 2.47 13.0 || [unknown]  5±2.55 13.17 ± 3.60 13.04 ±2.99 || [unknown] JH (m) 0.32±0.03 0.31 ± 0.04 0.31 ± 0.03 0.38 ± || [unknown] 0.08 0.38±0.08 0.35 ± 0.07 || [unknown] EccDur (s) 0.57±0.07 0.54± 0.08 0.59 ± 0.09 0.53 ± || [unknown] ConDur (s) 0.34±0.04 0.32 ± 0.05 ",TRUE,Total unique Mean±SD pairs: 49
28,,"Vol.30, No. 2, May 2021: 167-174 ISSN(Print) : 122",,"Vol.30, No. 2, May 2021: 167-174 ISSN(Print) : 1226-1726",10.15857/ksep.2021.30.2.167,es-30-2-167.pdf,,auto_draft,,,,mixed,,8,,good,,,,,[CMJ] Sargent jump (cm) 9 60.89±4.31 62.11±3.89 -2.052 .074,,,,[unknown] Pre 9 17.56±0.53 177.60±5.71 70.79±10.45 12.70± || [unknown] 2.30 80.67±36.21 Post 9 17.56±0.53 177.85±6.23 || [unknown]  72.02±10.51 13.17±1.76 82.67±36.21 || [CMJ] Sargent jump (cm) 9 60.89±4.31 62.11±3.89 -2.052 .074 || [unknown] Sit-up (rep/1 min) 9 55.11±6.64 62.11±5.93 -3.934 .004** || [unknown] Side step (rep/20 sec) 9 45.22±5.04 46.78±1.79 -.894 .398 || [unknown] Reaction time (light/sec) 9 0.230±0.010 0.229±0.008 .108 .917 || [unknown] Left absolute reach distance (cm) 9 87.74±12.24 91.30±5.43 -0.892 .398 || [unknown] Right absolute reach distance (cm) 9 87.56±4.44 90.15±6.12 -2.535 .035* || [unknown] Fatigue index (%) 9 53.07±4.48 54.72±6.56 -1.095 .305 || [strength/power] Mean power (W/kg) 9 6.40±0.83 6.98±0.87 -4.301 .003** || [strength/power] Peak power (W/kg) 9 8.43±1.09 9.17±1.06 -4.175 .003** || [strength/power] Left extensor strength (%BW) 9 256.97±35.35 262.82±28.25 .222 .830 || [strength/power] Left flexor strength (%BW) 9 153.06±12.27 147.76±23.75 .757 .47,FALSE,CMJ:1 pairs; Total unique Mean±SD pairs: 25
29,35685089,Chottidao M,2022,"MonchaiChottidao1,2,Chia-HuaKuo2,Shiow-ChwenTsai2,Ing-ShiouHwang3,Jiu-JenqLin4",10.3389/fbioe.2022.878527,fbioe-10-878527.pdf,Table2,auto_draft,24,12,12,mixed,,8,3,good,,,,,[CMJ] INTRODUCTION Height(cm) 165.8±8.1 167.6±10.3 0.413,,,,[age] Age(years) 15.5±1.6 15.6±1.6 0.912 || [anthropometry] BodyMass(kg) 57.8±14.0 58.0±12.9 0.737 || [CMJ] INTRODUCTION Height(cm) 165.8±8.1 167.6±10.3 0.413 || [anthropometry] BodyMassIndex(kg/m2) 20.8±3.9 20.5±3.5 0.802 || [unknown] Jabpunchvelocity Pre 4.2±0.5 (3.8–4.5) 4.3±0.6(3.8–4.7) F(1 || [unknown] (m/s) Post 4.6±0.4 (4.3–4.9) 4.5±0.7(3.9–4.9) p-v || [unknown] Crosspunchvelocity Pre 6.8±0.9 (6.2–7.4) 6.4±1.0(5.7–7.1) F(1 || [unknown] (m/s) Post 6.9±0.7 (6.4–7.4) 6.4±1.1(5.6–7.1) p-v || [strength/power] Jabpunchforce Pre 6.7±0.6 (6.3–7.1) 7.2±1.5(6.2–8.1) F(1 || [unknown] (g) Post 7.3±0.9 (6.7–7.8) 7.3±1.4(6.4–8.2) p-v || [strength/power] Crosspunchforce Pre 10.1±2.7 (8.3–11.8) 9.1±1.7(7.9–10.2) F || [unknown] (g) Post 10.5±1.7 (9.3–11.6) 9.2±1.0(8.5–9.8) p- || [unknown] Reactiontime Pre 0.24±0.1 (0.18–0.30) 0.25±0.1(0.17–0.33 || [unknown] (s) Post 0.20±0.03 (0.17–0.22) 0.22±0.1(0.16–0.28 || [unknown] Movementtime Pre 0.64±0.1 (0.58–0.69) 0.66±0.1(0.59–0.73 || [unknown] (s) Pos,FALSE,CMJ:1 pairs; Total unique Mean±SD pairs: 36
30,31864579,Fidai MS,2020,Athletes: Results From a Field-Based Drop-Jump Test,10.1016/j.arthro.2019.07.018,fidai2020.pdf,Table3,auto_draft,,,,female,,,,none,,,,,,,,,,TRUE,Total unique Mean±SD pairs: 0
31,33180872,Fernandez-Fernandez J,2020,"JaimeFernandez-FernandezID 1,2*,IsidoroMartinez-Martin1,2,VicenteGarcia-Tormo1,2,",10.1371/journal,file.pdf,Table3,auto_draft,119,37,82,mixed,,,,good,,,,,[CMJ]  13.0±0.6 years;height:162.3±7.8cm;bodym || [CMJ]  14.8±0.6 years;height:170.8±8.3cm;bodym || [CMJ] Height(cm) 162.3±7.8 170.8±8.3� 1.09(Moderate) || [CMJ] CMJ(cm) 23.8±4.9 32.3±6.8� 1.00(Moderate),,,,"[CMJ]  13.0±0.6 years;height:162.3±7.8cm;bodym || [CMJ]  14.8±0.6 years;height:170.8±8.3cm;bodym || [unknown] ass: 63.3±10.9 kg).Subjectswerepartofthe || [unknown] coachingstaff.Allplayersparticipatedinanaverageof 540±10.1 minofcombinedhandball || [unknown] andphysicaltrainingperweekandhadatrainingbackgroundof 5.5±2.8 years.Table1 || [age] Age(years) 13.0±0.6 14.8±0.6� 3.18(Verylarge) || [unknown] APHV(years) 14.0±0.6 14.4±0.6� 0.67(Moderate) || [unknown] MO(years) - 0.97±0.74 0.44±0.84� 1.89(Large) || [CMJ] Height(cm) 162.3±7.8 170.8±8.3� 1.09(Moderate) || [anthropometry] Weight(kg) 54.7±11.7 63.3±10.9� 0.73(Moderate) || [CMJ] CMJ(cm) 23.8±4.9 32.3±6.8� 1.00(Moderate) || [unknown] tripleleg-hoptest(m) 4.49±0.61 5.77±0.95� 1.04(Moderate) || [unknown] nificantdifferencesbetweengroups(e.g., 3.11±0.24 s[U13]vs.2.96±0.16s[U15]).Thes || [agility] TheU15athletesdemonstratedhigherCODdeficit(e.g., 1.18±0.13 %)thantheU13play- || [unknown] ers(i.e., 1.15±0.24 %;consideringMOascovariate).Th || [u",FALSE,CMJ:4 pairs; Total unique Mean±SD pairs: 22
32,6877979,Ford HT,1983,"Perceptual a d m otor Skills, 1983, 56, 919-922. @ Perceprual and Motor Skills 1983",,ford1983.pdf,Table0,auto_draft,,,,male,,,,none,,,,,,,,,,TRUE,Total unique Mean±SD pairs: 0
33,8112268,Fowler NE,1994,This article was downloaded by: [University of Calgary],10.1080/00140139408963631,fowler1994.pdf,Table3,auto_draft,,,,mixed,,,,none,,,,,,,,,,TRUE,Total unique Mean±SD pairs: 0
34,34360523,Gherghel A,2021,"AnamariaGherghel1,DanaBadau2,3,* ,AdelaBadau2 ,LiviuMoraru4,*,GabrielMarianManolache5,",10.3390/ijerph18158228,gherghel2021.pdf,Table3,auto_draft,,,,mixed,,,,good,,,,,[CMJ] jumpson Theheight Left 6.47±4.53 12.91±7.03 6.44 1.90;1.98 99.5,,,,"[anthropometry] worldandEuropeanfootball-tennischampions,meanage±SD 2.56±056 years;height || [anthropometry]  166.01±5.37 cm;weight62.10±6.48kg;BMI22.52 || [unknown] Left 0.28±0.04 0.31±0.03 0.028 −0.01;0.07 9.8 || [unknown] Right 0.29±0.03 0.32±0.03 0.032 0.01;0.05 11.1 || [unknown] Left 0.26±0.06 0.31±0.09 0.054 0.01;0.12 12,1 || [unknown] Fivevertical Right 0.25±0.06 0.32±0.09 0.073 0.07;0.13 29.2 || [CMJ] jumpson Theheight Left 6.47±4.53 12.91±7.03 6.44 1.90;1.98 99.5 || [unknown] ofthejump Right 8.01±4.26 13.53±6.45 5.52 1.25;9.79 68.9 || [strength/power] rightleg Thepower Left 1.18±5.13 16.45±7.39 6.27 1.22;11.31 61. || [unknown] ofthejump Right 11.97±5.36 17.41±7.14 5.44 0.64;1.25 45.5 || [unknown] Left 0.21±0.17 0.46±0.26 0.26 0.09;0.39 113.1 || [unknown] Right 0.29±0.19 0.49±0.26 0.20 0.04;0.37 69.34 || [unknown] Left 0.30±0.02 0.35±0.06 0.056 0.00;0.11 18.3 || [unknown] time Right 0.28±0.02 0.56±0.40 0.282 99.73 2.15 0.0 || [unknown] Flight Left 0.17±0.07 0.28±0.07 0.109 0.03",FALSE,CMJ:1 pairs; Total unique Mean±SD pairs: 42
35,25665004,Granacher U,2015,The Role of Instability with Plyometric Training in,10.1055/s-0034-1395519,granacher2015.pdf,Table0,auto_draft,24,12,12,male,15±1,8,2,none,,,,,,,,,,TRUE,Total unique Mean±SD pairs: 0
36,35635987,Hassani A,2022,"Neuromuscular, kinetic and kinematic differences in drop jumping between",10.1016/j.gaitpost.2022.05.026,hassani2022.pdf,Table1,auto_draft,26,13,13,male,,,,good,,,,,"[CMJ] ore, during countermovement jump, adolescent males Age (yrs) 15.4±1.7 15.5 ±1.1 0.138 .891 0.07 smal",,"[DJ] on the force-plate both during cantly greater hDJ than WID ( 30.2±5.1 cm and 21.4 ± 6.0 cm,",,"[unknown] irteen male adolescents WID (Wisk III intelligence quotient: 55.6±11.2 ) and thirteen age-matched || [CMJ] ore, during countermovement jump, adolescent males Age (yrs) 15.4±1.7 15.5 ±1.1 0.138 .891 0.07 smal || [anthropometry] ed larger duration in the braking and propulsive Body height 1.64±1.69 ± 0.942 .356 0.43 small || [anthropometry] do not favor an efficient stretch-shortening cycle Body mass 56.4±58.6 ± 0.425 .674 0.14 small || [unknown] nism which may contribute to muscle performance Body fat (%) 17.3±5.8 21.2 ±4.9 1.849 .077 0.73 medi || [unknown] test and was 55.6±11.2 . Maturity was estimated follo || [DJ] on the force-plate both during cantly greater hDJ than WID ( 30.2±5.1 cm and 21.4 ± 6.0 cm, || [unknown] ( 2.5±1.0 N/kg and 1.5 ± 1.1 N/kg, respe || [unknown] ± 5.4±7.1 * || [unknown] ± 7.7±6.6 * || [unknown] (deg) ± 6.4±5.7 * || [unknown] ± 6.1±6.8 Δθ (deg) 53.1 54.4 0.339 .737 || [unknown] ± 9.6±9.0 Peak ω braking phase -6.2 -7.9 || [unknown] (rad/s) ± 1.7±2.1 ",FALSE,CMJ:1 pairs; DJ:1 pairs; Total unique Mean±SD pairs: 27
37,28282743,Hiscock DJ,2018,"Daniel J Hiscock, Brian Dawson, Michael Clarke & Peter Peeling",10.1080/02640414.2017.1290270,hiscock2017.pdf,Table3,auto_draft,16,8,8,mixed,,,,good,,,,,[CMJ] ST and HYP exercise sessions involving both upper and lower 25.0±3.3 years; height 181.2 ± 6.6 cm;,,"[DJ] djusted based on participant feedback, with the volume load; 5630±863 kg) with 3-min inter-set rest; || [DJ] Post 103±22 dj −6.4% 0.9±0.5afj −59.1% 142",,"[unknown] y pre-, post-, 12, 24, 48 and 72 h post-exercise. POW sRPE ( 3.0±1.0 ) was lower || [CMJ] ST and HYP exercise sessions involving both upper and lower 25.0±3.3 years; height 181.2 ± 6.6 cm; || [unknown] body compound exercises. Knowledge relevant to this inter- 86.8±15.1 kg; 1RM deadlift 124 ± 16 kg; || [unknown] action may assist exercise practitioners understand which 95±14 kg; back squat 115 ± 14 kg and || [unknown] resistance exercise sessions may result in higher or lower 85±10 kg)withatleast12monthsresistan || [DJ] djusted based on participant feedback, with the volume load; 5630±863 kg) with 3-min inter-set rest; || [unknown] rmed in a semi-randomised order, with lower and volume load; 5630±863 kg) with 3-min inter-set rest || [unknown] n was standardised for each participant and volume load; 11, 173±1737 kg) x 1-min inter-set rest || [unknown] collectedat19: 00±2 h,tokeepdiurnalvariationsconst || [unknown]  3±0.17 i −1.92% 2.76±0.27ai −3.16% || [unknown] 0.16 −0.64% 2.",FALSE,CMJ:1 pairs; DJ:2 pairs; Total unique Mean±SD pairs: 41
38,30882276,Hovey S,2021,"Sarah Hovey, Henry Wang, Lawrence W. Judge, Jason M. Avedesian & D. Clark",10.1080/14763141.2019.1582690,hovey2019.pdf,Table1,auto_draft,,,,mixed,,,,good,,,,,"[CMJ] until maximal jump height was achieved (average 6.5±2.3 jumps), followed by at least || [CMJ] The average maximum jump height of females and males was 0.42±0.06 and",,,,"[anthropometry] total of 25 recreational athletes (14 males, 11 females; age 20.2±2.0 years; height || [anthropometry]  1.72±0.12 m; body weight 72.9 ± 13.7 kg) || [CMJ] until maximal jump height was achieved (average 6.5±2.3 jumps), followed by at least || [CMJ] The average maximum jump height of females and males was 0.42±0.06 and || [unknown]  0.63±0.10 m, respectively. Therefore, la || [unknown] of 0.33±0.04 minfemalesand0.50±0.08minmales",FALSE,CMJ:2 pairs; Total unique Mean±SD pairs: 6
39,29478378,Idrizovic K,2018,Conditioning on Fitness Parameters in Junior Female,10.1123/pes.2017-0178,idrizovic2018.pdf,Table2,auto_draft,30,13,17,female,,12,,none,,,,,,,,,,TRUE,Total unique Mean±SD pairs: 0
40,28368956,Jeffreys MA,2019,2 The effect of varying plyometric volume on stretch-shortening cycle capability in,10.1519/JSC.0000000000001907,jeffreys2019.pdf,Table2,auto_draft,20,10,10,male,,,,none,,,,,,,,[sprint] collected from an initial pilot study. 10 male subjects (age 20.4±0.8 yr;,"[anthropometry]  5±1.6 yrs, mass 91.63 ±10.36kg, stat || [unknown] ure 182.03±5.24 cm) were randoml D y assigned || [sprint] collected from an initial pilot study. 10 male subjects (age 20.4±0.8 yr; || [anthropometry] 12 stature 1.86±0.09 m and body mass 86.3 ± 15.2kg) || [anthropometry] 2 Thirty six male collegiate rugby union players aged 20.3±1.6 yrs, body mass 91.63 ± 10.36 || [unknown] 3 kg, stature 1.82±0.05 m, with 1- 2 years history of || [unknown]  1.40±1.45 ± || [unknown] LPG 1.26±0.35 0.30* 0.58 1.33 ± 0.40 0.38* 0 || [unknown] .58 1.26±0.35 1.48 ± 0.33* 0.54 || [unknown]  1.30±1.36 ± T || [unknown] HPG 1.23±0.33 0.31* 0.38 1.26 ± 0.36 0.38* 0 || [unknown] .52 1.25±0.42 1.37 ± 0.34* 0.24 || [unknown] CON 0.84±0.18 0.81 ± 0.21 -0.15 0.91 ± 0.24 || [unknown]  0.85±0.22 -0.26 0.83 ± 0.22 0.87 ± 0.33 || [unknown] LPG 35.20±8.62 36.06 ± 5.47 E0.06 || [unknown] HPG 35.44±5.82 38.81 ± 6.63 0.54 || [unknown] CON 34.54±7.67 35.09 ± 4.59 0.08 || [unknown] LPG |  |  | 1.26±0.35 |  |  |",TRUE,Sprint:1 pairs; Total unique Mean±SD pairs: 30
41,37218857,Janikov MT,2023,"Countermovement, Hurdle, and Box Jumps: Data-Driven",10.3390/jfmk8020061,jfmk-08-00061.pdf,Table1,auto_draft,,,,mixed,,,,noisy,,,,,"[CMJ]  1.5±2.7 %bodyfat,CMJheight",,,,"[unknown] Twentyrecreationallytrainedmen( 25.2±3.5 years)performed3repetitionsofC || [unknown] study( 25.2±3.5 years,180.2±4.4cm,80.0±7.8kg,1 || [CMJ]  1.5±2.7 %bodyfat,CMJheight || [unknown]  49.5±6.4 cm). Thissamplesizewasshowntob",FALSE,CMJ:1 pairs; Total unique Mean±SD pairs: 4
42,31920686,Jlid MC,2019,Multidirectional Plyometric Training: Very Efficient,10.3389/fphys.2019.01462,jlid2019.pdf,Table1,auto_draft,28,14,14,mixed,11.8±0.4,8,,none,,,,,,,,,"[unknown]  11.6±0.5 years).The EG introduced 8-wee || [unknown] belo et al., 2014 reported a match total distance covered of 6311±948 m, of which || [unknown] of the total time played ( 3789±109 seconds) were performed at hig || [unknown]  our experiment, control group participants were trained for 23.64±0.85 soccer training || [unknown] session and the experimental group for 23.57±0.75 soccer training session and 15 || [unknown] . 71±0.61 plyometric training session. F",TRUE,Total unique Mean±SD pairs: 6
43,32431621,Jlid MC,2020,"MohamedChedlyJlid1,JérémyCoquart2,NicolaMaffulli3,ThierryPaillard4,",10.3389/fphys.2020.00374,jlid2020.pdf,Table1,auto_draft,41,13,28,male,19.0±0.7,6,2,good,,,,,[CMJ] (two groups: CG vs. EG × 2 times: before vs. (CG: (cid:49) = 4.51±1.70 %); CMJ (EG: (cid:49) = 5.71 ± || [CMJ] CMJ 29.82±3.45 30.64±3.34 2.82±1.43 0.004* 30,[SJ] Bodymassindex 22.3±1.7 21.9±1.6 0.520 0.26 jump:SJand || [SJ] apiro–Wilk test. wasgreaterforEGcomparedtoCG[SJ(EG:(cid:49)= 6.23±2.58 %); || [SJ] SJ(cm) 27.57±3.96 28.80±3.99 4.51±1.70 <0.001* 2,,,"[unknown] UniversityofLosLagos,Chile 19.0±0.9 years) or a control group (CG; || [unknown] Age(yr) 19.0±0.7 19.0±0.9 0.867 0.16 barefoot(F || [anthropometry] Bodyheight(m) 1.76±0.06 1.76±0.05 0.856 0.06 massindex || [unknown] Leglength(m) 1.03±0.04 1.03±0.03 0.883 0.06 Afterthes || [anthropometry] Bodymass(kg) 69.2±5.8 67.6±5.9 0.508 0.27 performed, || [SJ] Bodymassindex 22.3±1.7 21.9±1.6 0.520 0.26 jump:SJand || [SJ] apiro–Wilk test. wasgreaterforEGcomparedtoCG[SJ(EG:(cid:49)= 6.23±2.58 %); || [CMJ] (two groups: CG vs. EG × 2 times: before vs. (CG: (cid:49) = 4.51±1.70 %); CMJ (EG: (cid:49) = 5.71 ± || [agility] NOVA for repeated measures was used to compare the (cid:49)= 2.82±1.43 %),andT-test(EG:(cid:49)=−2.99 || [unknown]  sphericity was checked by the Mauchley test and, (cid:49)=− 1.15±0.95 %)]. || [unknown]  86±1.81 %), postero- || [unknown] d:49) = 2.00±2.31 %; || [unknown]  39±1.18 %), postero- || [unknown] d:49) = 3.23±2.31 %; || [SJ] SJ(cm) 27.57±3.96 28.80±3.99 4.51±1.70 <0.0",FALSE,CMJ:2 pairs; SJ:3 pairs; Total unique Mean±SD pairs: 53
44,40014606,Iranpour AR,2025,"AhmadRezaIranpour1,MohammadHemmatinafarID 1*,JavadNemati1,MohsenSalesi1,",10.1371/journal,journal.pone.0316477.pdf,Table1,auto_draft,50,10,40,mixed,,,,good,,,,,[CMJ] Age(years) 23.65±2.76 Height(cm) 188.1±6.75 || [CMJ] AveragejumpheightofShT 298.90±8.96 305.20±7.34 300.80±9.99 307.90 || [CMJ] HighestjumpofShT(cm) 300.40±9.24 307.50±7.59 302.50±10.18 310.6,[SJ] SJH(cm) 53.70±4.78 56.30±3.65 55.80±6.56 57.40±7.,,,[CMJ] Age(years) 23.65±2.76 Height(cm) 188.1±6.75 || [anthropometry] Weight(kg) 78.26±8.44 BMI(kg/m2) 22.1±2.09 || [agility] Agility(s) 10.33±0.46 9.99±0.47 10.37±0.63 9.87±0.70 || [unknown]  10.32±0.43 9.72±0.50 10.23±0.56 9.68±0.58 || [SJ] SJH(cm) 53.70±4.78 56.30±3.65 55.80±6.56 57.40±7. || [unknown] 16 53.80±4.58 58.00±4.18 57.10±5.52 60.60±6. || [unknown] SPJH(cm) 59.90±5.30 62.20±4.58 62.30±7.27 64.30±7. || [unknown] 22 59.70±5.05 64.10±4.43 64.60±5.96 67.70±7. || [unknown] AveragetimeofShT(s) 8.03±0.71 7.87±0.50 8.06±0.69 8.08±0.70 || [unknown]  8.02±0.70 7.87±0.51 7.97±0.67 8.13±0.58 || [unknown] ShortesttimeofShT(s) 7.78±0.70 7.65±0.48 7.78±0.72 7.75±0.69 || [unknown]  7.71±0.68 7.66±0.51 7.69±0.67 7.83±0.59 || [CMJ] AveragejumpheightofShT 298.90±8.96 305.20±7.34 300.80±9.99 307.90 || [unknown] ±13.38 298.80±9.05 307.30±6.96 302.60±10.18 311.3 || [unknown]  0±13.83 (cm) || [CMJ] HighestjumpofShT(cm) 300.40±9.24 307.50±7.59 302.50±10.18 310.6 || [unknown]  0±13.96 300.40±9.05 3,FALSE,CMJ:3 pairs; SJ:1 pairs; Total unique Mean±SD pairs: 145
45,20938357,Khlifa R,2010,"RIADH KHLIFA,1,2 RIDHA AOUADI,1,2 SOUHAIL HERMASSI,1,2 MOHAMED SOUHAIEL CHELLY,1,2",,khlifa2010 (1).pdf,Table1,auto_draft,36,9,27,mixed,,10,,none,,,,,,,,,,TRUE,Total unique Mean±SD pairs: 0
46,20938357,Khlifa R,2010,"RIADH KHLIFA,1,2 RIDHA AOUADI,1,2 SOUHAIL HERMASSI,1,2 MOHAMED SOUHAIEL CHELLY,1,2",,khlifa2010.pdf,Table1,auto_draft,36,9,27,mixed,,10,,none,,,,,,,,,,TRUE,Total unique Mean±SD pairs: 0
47,26203736,Kijowksi KN,2015,EVIN IJOWKSI HRISTOPHER APPS OURTNEY OODMAN RAVIS RICKSON,,kijowksi2015.pdf,Table2,auto_draft,19,9,10,male,,,,none,,,,,,,,,,TRUE,Total unique Mean±SD pairs: 0
48,20634744,King JA,2010,"1SchoolofExerciseandNutritionalSciencesKinesologyGraduateProgram,SanDiegoStateUniversity,SanDiego,California;",,king2010.pdf,Table1,auto_draft,,,,mixed,,6,,none,,,,,,,,,,TRUE,Total unique Mean±SD pairs: 0
49,17106717,Kubo K,2007,and electromyographic activity on jump performances,10.1007/s00421-006-0338-y,kubo2006.pdf,Table3,auto_draft,,,,male,,,,good,,,,,"[CMJ] e developed during preparatory counter- Twenty-four men (age 23±4 year, height 170 ± 3 cm, || [CMJ] Jumpheight(cm) 20.7±3.3 23.6±3.9* 24.4±4.8*",,,,"[CMJ] e developed during preparatory counter- Twenty-four men (age 23±4 year, height 170 ± 3 cm, || [anthropometry] movement. On the contrary, Svantesson and Grimby body mass 64±11 kg, mean ± SD) volunteered to || [unknown] Joint stiffness and tendon stiffness were 3.84±1.18 thetwoparameters,thetendonstif || [unknown] Nm/deg (2.02–6.19 Nm/deg) and 130.1±30.6 N/mm for 22–25% of the varianc || [unknown] Maximaldorsiflexionangle(deg) 68.1±4.6 69.7±5.0 71.1±5.6 || [unknown] mEMGduringeccentricphase(mV) – 0.105±0.046 0.242±0.096** || [unknown] mEMGduringconcentricphase(mV) 0.290±0.072 0.377±0.069*,*** 0.314±0.100 || [CMJ] Jumpheight(cm) 20.7±3.3 23.6±3.9* 24.4±4.8* || [unknown] Pre-stretchaugmentation(%) – 14.2±8.9 17.6±12.6",FALSE,CMJ:2 pairs; Total unique Mean±SD pairs: 9
50,32293101,Kuntze G,2021,Title: Vertical Drop Jump Performance in Youth with Juvenile Idiopathic Arthritis.,10.1002/ACR.24219,kuntze2021.pdf,Table3,auto_draft,49,14,35,mixed,,,,none,,,,,,,,,,TRUE,Total unique Mean±SD pairs: 0
51,32271290,Laurent C,2020,"Ce´dricLaurent,1Ste´phaneBaudry,2andJacquesDuchateau1,2",,laurent2020.pdf,Table1,auto_draft,,,,mixed,,10,,none,,,,,,,,,,TRUE,Total unique Mean±SD pairs: 0
52,22890495,Liu C,2013,"C HIANG L IU ,1C HUAN -S HOU C HEN ,2W EI -H UA H O ,1R O´BERT J A´NOS F U¨LE ,3P AO -H UNG C HUNG ,1,3 AND",,liu2013.pdf,Table1,auto_draft,40,10,30,mixed,,10,,none,,,,,,,,,,TRUE,Total unique Mean±SD pairs: 0
53,25807028,Loturco I,2015,"I RINEU L OTURCO ,1 F ABIO Y. N AKAMURA ,2 R ONALDO K OBAL ,1 S AULO G IL ,1 C E´SAR C. C AL A BAD ,1",,loturco2015.pdf,Table2,auto_draft,,,,mixed,,,3,none,,,,,,,,,,TRUE,Total unique Mean±SD pairs: 0
54,22645195,McIntyre JP,2012,"Jordan P.R. McIntyre, Grant A. Mawston, and Simeon P. Cairns",10.1007/s00421-005-1395-3,mcintyre2012.pdf,Table3,auto_draft,18,8,10,male,,,,none,,,,,,,[DJ] calculated.22 Drop jumps were performed over 20 cm was 671±154 W. Five of the 10 subjects had,,"[anthropometry] teristics were (mean ± SD) age 28±7 years, body mass 79 2peak || [unknown] ± 5 kg, peak rate of oxygen consumption (VO ) 55.4±2 peak || [unknown] 8.4 mL · kg–1 · min–1, maximum heart rate 190±4 beats/ || [strength/power] test (mean power 255±65 W). This relative power output || [strength/power] min, and maximum external power at VO 447±78 2peak was used to diminish var || [unknown] rness going from each shoulder to the first cycle stage from 13.3±1.3 at 6 min to 15.2 ± 1.8 at || [unknown] k of the right leg was attached to 17 min and then jumped to 18.3±1.3 during the all-out || [unknown] les (flexion) at 180°/s, which is a velocity 1.6 at 6 min to 17.8±1.4 at 17 min (Figure 2[A]), and || [unknown] Eight contractions was near maximal at exercise termination— 18.7±1.6 were performed, with the peak || [unknown]  form using a Kistler control-unit to 17 minutes in stage 1— 2.3±0.8 versus 1.3 ± 0.5 RPE || [DJ] calculated.22 Drop jumps were performed over 20 cm was 671±154 W.",TRUE,DJ:1 pairs; Total unique Mean±SD pairs: 17
55,30204520,Michailidis Y,2019,“Effects of Plyometric and Directional Training on Physical Fitness Parameters in Youth Soccer Players”,10.1123/ijspp.2018-0545,michailidis2019.pdf,Table0,auto_draft,31,14,17,mixed,12±0.8,,,noisy,,,,,[CMJ] Height (cm) 152±9.3 154 ± 7.2 149 ± 8.6 150 ± 8.8,,,,[age] Thirty-one youth players participated in this study (age 12±0.8 years). Players were randomly || [age] Age (years) 12.2±0.6 12.4 ± 0.6 11.8 ± 0.8 12 ± 0.8 || [CMJ] Height (cm) 152±9.3 154 ± 7.2 149 ± 8.6 150 ± 8.8 || [anthropometry] Weight (kg) 43.1±6.4 43.8 ± 6.5 42.9 ± 6.9 41.5 ± 7 || [unknown] Body fat (%) 17.6±2.4 17.5 ± 2.1 18.1 ± 3.5 18.1 ± 3,FALSE,CMJ:1 pairs; Total unique Mean±SD pairs: 5
56,24942176,Moreno SD,2014,"Department of Kinesiology, Center for Sport Performance, Human Performance Laboratory, California State University,",,moreno2014.pdf,Table1,auto_draft,,,,mixed,,,,none,,,,,,,,,,TRUE,Total unique Mean±SD pairs: 0
57,28522976,Mueller S,2017,"SteffenMueller*,JosefineStoll,JulianeMueller,MichaelCasselandFrankMayer",10.3389/fphys.2017.00274,mueller2017.pdf,Table3,auto_draft,19,8,11,mixed,,,,none,,,,,,,,,"[unknown]  174±7 cm;67±8kg;14.9±9.5h/wetraining || [unknown] dequate(neuromuscular)compensationstrategyisdiscussed BP 7/4 15.9±1.3 176±11 68±11 12.4±10.7 3.2±1.4 || [unknown] ommon cause of overloading and injury. As a possible NBP 7/4 15.5±1.3 174±7 67±8 14.9±9.5 0±0 || [strength/power] Trunk Muscle Activity 71 ms, a mean jump time of 434±49 ms, a peak force during || [unknown] f the trunk was assessed using a bilateral take-offphaseof2, 756±539 Nandaperformanceindexof0.83 || [unknown] 00-S, interelectrode distance: 2 cm) were SEMG-RMSrangedfrom 15±13 to110±54%inNBPand11 || [unknown]  the skin was shaved and slightly roughened to remove ± 5 to 128±74 % in BP without significant gr || [unknown] nal axes of the electrodes were placed in line with the from 28±23 to 149 ± 52% in NBP and 34 ± 2 || [unknown] verall gain: 2,500, sampling frequency: highestactivity(NBP: 95±182 %;BP:120±62%)inbothgroups. || [unknown]  of the outcome measures. SEMG amplitudes SEMG-RMSrangedfrom 12±5 %to99±64%in",TRUE,Total unique Mean±SD pairs: 19
58,28315285,Negra Y,2017,Effects of Plyometric Training on Physical Fitness in Prepuberal,10.1055/s-0042-122337,negra2017.pdf,Table0,auto_draft,32,14,18,male,12.7±0.2,8,,good,,,,,[CMJ] height (cm) | 158.7±4.0 | 158.7 ± 4.0 | 148.2 ± 7.1 |,,,,"[unknown]  2.2±0.5 years). Both || [unknown] the role of unstable surfaces in plyometrics is scarce. with 4.0±1.6 years of systematic soccer tra || [age] Age (years) 12.7±0.2 12.9 ± 0.2 12.2 ± 0.5 12.3 ± 0 || [unknown] Body 158.7±4.0 158.7 ± 4.0 148.2 ± 7.1 148.4 || [anthropometry] Body mass (kg) 43.7±5.0 44.6 ± 4.8 38.2 ± 5.0 38.1 ± 5 || [unknown] Maturity offset – 1.4±0.5 –1.3 ± 0.5 –2.0 ± 0.7 –1.9 ± 0 || [unknown] Predicted APHV 14.1±0.6 14.2 ± 0.6 14.2 ± 0.6 14.3 ± 0 || [unknown] ing in prepuberal male soccer players ( 10.9±0.7 years). The same wards a signi || [unknown] soccer players ( 13.4±1.4 years). In addition, Ramírez-C || [age] training in early to mid-puberty male soccer players ( 13.0±0.9 soccer players aged 15 years a || [unknown] r players. Recently, Negra et al. [22] found a significant ( 17.3±0.4 years) following 6 weeks of ei || [unknown] metric training in prepuberal male soccer players ( 12.7±0.3 years). players in response to || [age] Age (years) | 12.7±0.2 | 12.9",FALSE,CMJ:1 pairs; Total unique Mean±SD pairs: 20
59,33308812,Negra Y,2020,Available Soncliniee ant cwewwD.sicrieenccetdirect.com,10.1016/j.jshs.2016.07.008,negra2020.pdf,Table2,auto_draft,23,11,12,male,12.8±0.3,24,,good,,,,,[CMJ] 20 bs_bs_query age= 12.8±0.3 years;height=159.3±8.4cm;weigh || [CMJ] e actions discriminate between a successful and less height= 156.4±8.9 cm)wereincludedinthestudy.They || [CMJ] 111 bs_bs_query Height(cm) 153.2±8.6 153.7±9.0 156.4±9.5 156.7±9.4 || [CMJ] 330 bs_bs_query CMJ(cm) RTG 23.52±4.22 25.74±3.66*** 28.64±3.34*** 29,[SJ] 333 bs_bs_query SJ(cm) RTG 22.22±3.76 24.19±4.10 26.58±3.69** 27.13±,,[sprint] 318 20-msprint(s) RTG 3.57±0.24 3.55±0.14 3.42±0.20** 3.40±0.1,"[anthropometry] 19 bs_bs_query weight= 42.5±5.5 kg; body mass index (BMI)=18.1 || [CMJ] 20 bs_bs_query age= 12.8±0.3 years;height=159.3±8.4cm;weigh || [unknown] t= 47.8±6.8 kg;BMI=18.9±2.4kg/m;3soccertra || [unknown] t= 45.9±8.4 kg;BMI=18.6±1.3kg/m;3soccer || [anthropometry] s only a small percentage of a match’s total soccerteam(age= 12.8±0.2 years,bodymass=44.9±7.4kg, 123 || [CMJ] e actions discriminate between a successful and less height= 156.4±8.9 cm)wereincludedinthestudy.They || [unknown] ve explosive actions years. Their mean soccer experience was 4.0±1.3 years. 129 bs_bs_query || [age] 110 Age(year) 12.8±0.3 13.0±0.3 12.7±0.3 12.9±0.3 12. || [unknown]  8±0.3 13.0±0.3 || [CMJ] 111 bs_bs_query Height(cm) 153.2±8.6 153.7±9.0 156.4±9.5 156.7±9.4 || [unknown]  159.3±8.4 160.1±8.0 || [anthropometry] 112 bs_bs_query Weight(kg) 42.5±5.5 43.2±5.5 45.9±8.4 46.6±8.3 47. || [unknown]  8±6.8 48.9±7.2 || [anthropometry] 113 bs_bs_query Bodymassindex(kg/m2) 18.1±1.4 18.3±1.5 18.6±1.3 18.9±1,",FALSE,CMJ:4 pairs; SJ:1 pairs; Sprint:1 pairs; Total unique Mean±SD pairs: 44
60,27543811,Nunes GS,2016,Movement adjustments in preparation for single-leg jumps,10.1016/j.humov.2016.08.001,nunes2016.pdf,Table3,auto_draft,60,30,30,mixed,,,,none,,,,,,,,,[age] Age(years) 22.7±3.1 23.3±2.9 || [anthropometry] Height(m) 1.7±0.1 1.7±0.1 || [anthropometry] Bodymass(kg) 71.5±12.6 70.4±13.2 || [unknown] CAIT-Pscore(points) 16.5±5.0 29.5±0.8 || [unknown] Historyofanklesprainsa(n) 3.7±2.3 0 || [unknown] Timefromlastanklesprain(months) 5.3±3.4 0,TRUE,Total unique Mean±SD pairs: 6
61,26332775,Ong JH,2016,"1Sports Medicine Centre, Khoo Teck Puat Hospital, Singapore; 2Sports Science Centre, Singapore Sports Institute, Sport",,ong2016.pdf,Table1,auto_draft,,,,mixed,,,,none,,,,,,,,,,TRUE,Total unique Mean±SD pairs: 0
62,29285994,Pelzer T,2018,"Thiemo Pelzer, Boris Ullrich, Stefan Endler, Christian Rasche & Mark Pfeiffer",10.1080/02640414.2017.1422627,pelzer2017.pdf,Table1,auto_draft,32,10,22,mixed,,6,,good,,,,,"[CMJ]  24.2±2.6 years,height:175.6±7.1cm,bodym || [CMJ]  24.2±2.6 years, height: 175.6 ± 7.1 cm, || [CMJ] Height[cm] 178.8±6.8 * 172.5±6.1 - - PM",,,"[sprint] ass: 71.5±7.7 kg,10males/10females)exercised || [sprint]  71.5±7.7 kg, 10 males/10 females) durin","[CMJ]  24.2±2.6 years,height:175.6±7.1cm,bodym || [sprint] ass: 71.5±7.7 kg,10males/10females)exercised || [CMJ]  24.2±2.6 years, height: 175.6 ± 7.1 cm, || [sprint]  71.5±7.7 kg, 10 males/10 females) durin || [unknown] formanceafter6weeksoftraditional(TP)anddailyundulating 5.1±2.2 years,andhadmoderateplyometric || [age] Age[years] 24.4±2.2 24.0±3.1 - - || [CMJ] Height[cm] 178.8±6.8 * 172.5±6.1 - - PM || [anthropometry] Bodymass[kg] 74.6±8.4 68.5±5.7 74.3±8.0 69.1±5.7 of || [unknown] BMI[kg/m2] 23.9±1.7 * 22.2±0.9 23.9±1.7 22.5±1.3 h || [unknown]  8.9±9.99 7.8±5.69 || [unknown]  9.31±1.99 7.11±4.59 || [unknown] * 1.21±2.101 3.8±1.59 || [unknown] * 2.21±8.001 2.01±2.89 || [unknown] * 7.9±5.101 8.8±8.79 || [unknown]  6.21±3.99 7.7±7.79 || [unknown] * 9.8±7.201 7.9±7.99 || [unknown]  8.31±5.101 5.01±3.89 || [unknown]  7.6±3.101 6.21±1.79 || [unknown] * 6.11±1.501 2.21±0.89 || [unknown] * 6.11±9.301 5.31±1.89 || [unknown] * 7.01±8.501 3.31±3.79 || [unknown]  8.31±8.201 9.11±6.89 || [unknow",FALSE,CMJ:3 pairs; Sprint:2 pairs; Total unique Mean±SD pairs: 23
63,31365944,Peng HT,2019,Peng Hsien-Te et al. Differences between Bimodal and … Int J Sports Med 2019; 00: 00–00,10.1055/a-0970-9104,peng2019.pdf,Table3,auto_draft,,,,mixed,,,,good,,,,,[CMJ] males and 7 males (height: 167.8±8.5 cm; mass: 59.8 ± 8.9 kg; age: || [CMJ] males (height: 171.4±9.2 cm; mass: 65.4 ± 10.8 kg; age: || [CMJ] CMJT (sec) 0.77±0.11 0.75 ± 0.10 0.682 0.18 || [CMJ] CMJT (sec) | 0.77±0.11 | 0.75 ± 0.10 | 0.682 | 0.18,,,,[CMJ] males and 7 males (height: 167.8±8.5 cm; mass: 59.8 ± 8.9 kg; age: || [unknown]  19.7±1.4 years); and the DPC group incl || [CMJ] males (height: 171.4±9.2 cm; mass: 65.4 ± 10.8 kg; age: || [unknown]  20.9±1.7 The impulse was calculated fro || [unknown] JH (m) 0.33±0.06 0.43 ± 0.07 0.002 * 1.49 || [CMJ] CMJT (sec) 0.77±0.11 0.75 ± 0.10 0.682 0.18 || [unknown] PGRF (BW) 1.21±0.09 1.27 ± 0.13 0.227 0.51 || [unknown] Impulse (BW * sec) 0.26±0.03 0.30 ± 0.03 0.002 * 1.29 || [unknown] RSIM (BH/sec) 0.26±0.06 0.34 ± 0.08 0.011 * 1.09 || [unknown] ARFD (BW/sec) 1.88±0.50 2.70 ± 0.68 0.002 * 1.32 || [unknown] PRFD (BW/sec) 5.30±2.31 8.70 ± 3.62 0.007 * 1.07 || [unknown] Hip (deg) 67.01±7.27 74.88 ± 7.40 0.013 * 1.03 || [unknown] Knee (deg) 84.75±9.19 107.50 ± 15.66 < 0.001 * 1.71 || [unknown] Ankle (deg) 16.78±5.21 20.60 ± 5.40 0.085 0.69 || [unknown] Hip (deg) 76.38±7.33 83.81 ± 8.34 0.027 * 0.91 || [unknown] Knee (deg) 88.09±9.37 111.08 ± 15.12 < 0.001 * 1.76 || [unknown] Ankle (deg) 28,FALSE,CMJ:4 pairs; Total unique Mean±SD pairs: 54
64,25932990,Phillips JH,2015,"Biomechanics Laboratory, Department of Kinesiology, California State University, Northridge, Northridge, California",,phillips2015.pdf,Table1,auto_draft,,,,mixed,,,,none,,,,,,,,,,TRUE,Total unique Mean±SD pairs: 0
65,24581701,Piirainen JM,2014,JournalofElectromyographyandKinesiology24(2014)246–252,10.1016/j.jelekin.2014.01.010,piirainen2014.pdf,Table0,auto_draft,20,9,11,mixed,,12,,noisy,,,,,"[CMJ] Plyometric Optimaldropheight(cm) 83±14 89±11 104±14**,## 103±14*,# || [CMJ] Pneumatic Optimaldropheight(cm) 87±14 94±14* 93±14 98±14**",,,,"[anthropometry] ntheconcentricphaseofdrop ownbodymass.TheaverageloadinPLYwas 459±38 Nduringthe || [unknown] ndpneumatic everyfourweeks.Forlegextension,absoluteloadswere 94±13 N, || [strength/power] wer training, it is currently unknown which training mode is 118±20 N and 148±20N in weeks 1–4, 5– || [unknown] dividuals. tively. Corresponding values for calf raises were 147±22 N, || [unknown] Thepurposeofthisstudywastoexaminetheeffectsofplyometric 200±27 N and 308±48N, respectively. C || [anthropometry]  63±2 , weight 84±9kg, height 176±7c || [anthropometry] PNE age 65±3 , weight 77±8kg, height 176±6c || [unknown] activity(seebelow)were justedtoelicitanM-wavecorrespondingto 20±5 %ofthemaximal || [unknown] nosignificantchangeintorque( 36±17 to43±11Nm)orEMGof || [unknown] betweenPLY( 0.27±0.09 )andPNE(0.41±0.21).After12week || [unknown] training, the ratio was unchanged in PLY ( 0.28±0.12 ) but de- || [unknown] during all measurements (PLY pre 19.2±4.8 %, post 18.8±4.0%; || [unknown] PNEpr",FALSE,CMJ:2 pairs; Total unique Mean±SD pairs: 27
66,21157388,Potdevin FJ,2011,"FRAN cxOIS J. POTDEVIN,1 MORGAN E. ALBERTY,2 ALAIN CHEVUTSCHI,2 PATRICK PELAYO,2",,potdevin2011.pdf,Table2,auto_draft,23,11,12,mixed,,6,2,none,,,,,,,,,,TRUE,Total unique Mean±SD pairs: 0
67,32205909,Prawiradilaga RS,2020,OArciguitnea lr ePsappoenrse of biochemical bone turnover markers DOI: https://doi.org/10.5114/biolsport.2020.91497,10.5114/biolsport.2020.91497,prawiradilaga2020.pdf,Table2,auto_draft,48,19,29,female,,,,good,,,,,"[CMJ] Age (years) 60.0±5.6 jump (CMJ), drop jump (DJ), an || [CMJ] Height (cm) 165.2±5.4 associated ground reaction for || [CMJ] P1NP (µg/L) CMJ 70.2±5.6 75.6 ± 6.3**## 68.7 ± 6.0 || [CMJ] OC (µg/L) CMJ 31.2±2.3 32.2 ± 2.4 28.9 ± 2.2** || [CMJ] CTX (ng/L) CMJ 636.0±83.4 635.5 ± 80.3 527.9 ± 65.7 *** || [CMJ] both countermovement jump ( 7.7±1.8 %), drop jump (9.4±1.3%), || [CMJ]  0.211±0.05 BW higher than for CMJ (0.874± || [CMJ] DDJ was 0.122±0.03 BW higher than for CMJ (0.366±",,[DJ] DJ 71.0±5.5 77.6 ± 5.8***## 67.5 ± 6.0 || [DJ] DDJ 73.0±6.3 80.8 ± 6.8***### 70.2 ± 6.0 || [DJ] DJ 30.7±2.2 32.4 ± 2.5*# 28.3 ± 2.5** || [DJ] DDJ 30.6±2.2 31.8 ± 2.3 29.2 ± 2.2,,"[age] 29 postmenopausal women (age (mean±SD): 60.0±5.6 years) were randomly assigned || [CMJ] Age (years) 60.0±5.6 jump (CMJ), drop jump (DJ), an || [CMJ] Height (cm) 165.2±5.4 associated ground reaction for || [anthropometry] ce (GRF) in postmenopausal women. Weight (kg) 65.8±7.7 The overall aim was to investi || [unknown] gate whether the jumps differed in the BMI (kg/m2) 24.1±2.6 acute osteogenic response, whi || [unknown] ch should be taken into consideration Whole-body BMD (g/cm2) 1.099±0.069 when planning osteogenic train || [anthropometry] ing to improve bone mass. Lumbar spine BMD (g/cm2) 1.075±0.099 Total hip BMD (g/cm2) 0.923 ± || [unknown] MATERIALS AND METHODS Percent body fat (%) 34.1±7.4 Experimental approach Total fa || [anthropometry] t mass (kg) 22.3±6.6 We used a randomized, controll || [anthropometry] ed cross-over design comparing the Total lean body mass (kg) 41.5±3.7 BTM response after three diffe || [unknown] rent high-impact jumping trials and VO max (ml/min/kg)",FALSE,CMJ:9 pairs; DJ:10 pairs; Total unique Mean±SD pairs: 34
68,27379963,Radnor JM,2017,"1Youth Physical Development Unit, School of Sport, Cardiff Metropolitan University, Cardiff, United Kingdom; and 2Sport",,radnor2017.pdf,Table3,auto_draft,80,40,40,male,,6,,none,,,,,,,,,,TRUE,Total unique Mean±SD pairs: 0
69,29570574,Ramirez-Campillo R,2020,1 Sequencing Effects of Plyometric Training Applied Before or After Regular Soccer Training on Measures,10.1519/JSC.0000000000002525,ramirez-campillo2020.pdf,Table0,auto_draft,26,12,14,mixed,17.0±0.5,7,,none,,,,,,,,,[age] controlled trial was conducted. Post-pubertal boys aged 17.0±0.5 years were allocated to three || [unknown] Age (y) 17.1±0.5 16.9 ± 0.7 17.1 ± 0.3 || [anthropometry] Height (m) 174.9±4.4 172.3 ± 4.9 172.6 ± 5.0 || [anthropometry] Body mass (kg) 66.8±3.1 64.9 ± 4.8 65.4 ± 3.4 || [anthropometry] Body mass index (kg/m-2) 21.8±0.7 21.9 ± 1.9 22.0 ± 1.3 || [unknown] Genital maturity stage (Tanner scale 0-5) 4.9±0.3 5.0 ± 0.0 5.0 ± 0.0 || [unknown] Pubic hair maturity stage (Tanner scale 0-5) T 4.8±0.4 5.0 ± 0.0 5.0 ± 0.0 || [unknown] Weekly time in physical education (min) 102±35.4 91.7 ± 16.4 98.6 ± 26.1 || [unknown] Weekly hours of other sport or soccer in other club (h) 1.5±1.2 1.9 ± 1.3 1.6 ± 1.6 || [unknown] Soccer training load (session of RPE)* 560±107 580 ± 134 609 ± 145 || [unknown] Soccer experience (y) 7.3±1.8 6.8 ± 1.5 7.7 ± 2.3 || [unknown] Pre 3.82±0.40 3.89 ± 0.36 3.90 ± 0.25 D || [unknown] Post 3.76±0.39 3.60 ± 0.35 3.88 ± 0.24 || [unknown] Pre-post change (%) - 1.6±1.,TRUE,Total unique Mean±SD pairs: 32
70,26008875,Reiger J,2016,To cite this article: Jamie Reiger & Vanessa R. Yingling (2015): The effects of short-term jump,10.1080/02640414.2015.1048520,reiger2015.pdf,Table2,auto_draft,23,10,13,mixed,,3,5,noisy,,,,,[CMJ] had a mean jump height of 29.9±2.6 in. and both the OC+ and OC− g,,,,"[age] nodiagnostic Systems Ltd., The OC+ group spent an average of 2.7±1.9 years || [age] Age(years) 20.5±1.8 20.2±1.99 0.7451 a significant || [anthropometry] Weight(kg) 63.7±6.1 62.1±12.9 0.6798 parisontestin || [age] Ageatfirstperiod(years) 13.1±1.6 12.9±1.1 0.7686 wasalsosignifi || [CMJ] had a mean jump height of 29.9±2.6 in. and both the OC+ and OC− g || [unknown]  30.5±2.4 in. forOCstatus,indicatingnodi || [unknown] VGRF(BW) 3.8±0.3 3.8±0.3 || [unknown] Loadingrate(BW·s–1) 53.8±8.9 50.4±5.5 tion and no significa || [unknown] TotalOI 128.4±16.8 129.9±20.5 OC−). However, a si || [unknown] WeeklyOI(average) 45.7±5.4 45.0±5.9 C-terminal telopeptid || [unknown] Week2OI 46.5±6.5 45.4±6.3 || [unknown] Week3OI 45.6±4.6 45.8±5.4 || [unknown] Pre-jump 17.6±8.1 a 0.85±0.4c || [unknown] Mid-jump 18.8±8.7 a 0.88±0.5cd formation and res || [unknown] Post-jump 22.1±10.8 b 0.97±0.4d",FALSE,CMJ:1 pairs; Total unique Mean±SD pairs: 15
71,26579625,Rensing N,2015,Trainingseffekte eines reaktiven Sprungkrafttrainings,10.1055/s-0041-106947,rensing2015.pdf,Table1,auto_draft,34,9,25,mixed,,,,none,,,,,,,,,,TRUE,Total unique Mean±SD pairs: 0
72,31094261,Ribeiro J,2020,“Effects of Plyometric vs Optimum Power Training on Components of Physical Fitness in Young Male Soccer Players”,10.1123/ijspp.2019-0039,ribeiro2020.pdf,Table0,auto_draft,,,,male,,,,good,,,,,[CMJ] CMJ (cm) 38.56±2.42 38.48 ± 2.78 -0.22 (-2.54; 2.0,[SJ] SJ (cm) 36.46±3.88 34.34 ± 3.20 -5.82 (-9.28; -2.,,[sprint] 10 m (m·s-1) 5.49±0.24 5.44 ± 0.20 -0.98 (-2.43; 0.46 || [sprint] 30 m (m·s-1) 7.01±0.24 6.95 ± 0.21 -0.85 (-1.70; -0.0 || [sprint] 10 m PT 5.43±0.19 5.48 ± 0.17 1.00 (-0.19; 2.19) || [sprint] 30 m PT 7.01±0.20 7.06 ± 0.20 0.71 (-0.07; 1.48),"[anthropometry] elite male soccer players (age, 18.4±0.49 years, height 1.76.13±0.07 m, || [anthropometry] weight 70. 2.4±5.67 kg; || [unknown] body fat 8.8±0.72 %) from the same team. Due to || [anthropometry] weight 66.4±5.51 kg; body fat 8.5±0.55%) and OP || [anthropometry]  1.77±0.07 m, weight 71.8±4.55; body fat || [unknown]  9.0±0.69 %). All subjects had been invo || [CMJ] CMJ (cm) 38.56±2.42 38.48 ± 2.78 -0.22 (-2.54; 2.0 || [SJ] SJ (cm) 36.46±3.88 34.34 ± 3.20 -5.82 (-9.28; -2. || [sprint] 10 m (m·s-1) 5.49±0.24 5.44 ± 0.20 -0.98 (-2.43; 0.46 || [sprint] 30 m (m·s-1) 7.01±0.24 6.95 ± 0.21 -0.85 (-1.70; -0.0 || [agility] COD ability (m·s-1) 4.27±0.11 4.21 ± 0.13 -1.35 (-2.37; -0.3 || [unknown] PT 39.76±4.37 42.80 ± 5.23 7.64 (2.17; 13.10 || [unknown] OPL 38.10±3.19 41.74 ± 3.1 9.55 (4.30; 14.80) || [unknown] PT 35.93±3.38 39.60 ± 4.64 10.23 (3.40; 17.0 || [unknown] OPL 34.94±2.97 38.56 ± 1.52 10.37 (6.34; 14.4 || [sprint] 10 m PT 5.43±0.19 5.48 ± 0.17 1.00 (-0.19; 2.19) || [unkn",FALSE,CMJ:1 pairs; SJ:1 pairs; Sprint:4 pairs; Total unique Mean±SD pairs: 21
73,19966586,Rubley MD,2011,"MACK D. RUBLEY, AMARIS C. HAASE, WILLIAM R. HOLCOMB, TEDD J. GIROUARD,",,rubley2011.pdf,Table1,auto_draft,16,6,10,female,,14,,none,,,,,,,,,,TRUE,Total unique Mean±SD pairs: 0
74,32256388,Ruffieux J,2020,"JanRuffieux1*,MichaelWälchli1,Kyung-MinKim2andWolfgangTaube1",10.3389/fphys.2020.00231,ruffieux2020.pdf,Table1,auto_draft,,,,female,,,,good,,,,,"[CMJ] (15–32 years) were assigned to either a CMJ ( 20.4±3.1 years, 171.0 ± 3.0 cm) or || [CMJ] in the analysis for the CMJ ( 20.4±3.1 years, 171.0 ± 3.0 cm) improve || [CMJ] heir group, the participants performed either CMJs (with Pre 38.7±5.2 38.8±5.2 || [CMJ] contact times during the DJs were 339±71 ms before and with80%CMJsledto || [CMJ]  380±79 msafterthetrainingintheCMJgrou",,"[DJ] Editedby: a DJ training group ( 22.0±4.4 years, 168.2 ± 5.0 cm), which || [DJ] and13participantsfortheDJtraininggroup( 22.0±4.4 years, groups regarding the im || [DJ] jumps,theparticipants training group improved jump height by 16.7±9.2 %, the DJ || [DJ]  swing but without run-up) or DJs (with ",,"[CMJ] (15–32 years) were assigned to either a CMJ ( 20.4±3.1 years, 171.0 ± 3.0 cm) or || [DJ] Editedby: a DJ training group ( 22.0±4.4 years, 168.2 ± 5.0 cm), which || [CMJ] in the analysis for the CMJ ( 20.4±3.1 years, 171.0 ± 3.0 cm) improve || [DJ] and13participantsfortheDJtraininggroup( 22.0±4.4 years, groups regarding the im || [unknown]  168.2±5.0 cm). Written informed consent || [DJ] jumps,theparticipants training group improved jump height by 16.7±9.2 %, the DJ || [unknown] dtojumpashighaspossible.Noinstructionswere training group by 7.3±5.4 %. The statistical analysis sh || [unknown] trainingwasalwaysprecededbythesamestandardizedwarm-up Pre 28.8±4.5 29.2±3.8 || [unknown] was conducted before the measurements. Each participant Post 32.7±4.0 31.4±3.5 || [unknown] three jumps with 3–5 s rest in between jumps and 30 s in Pre 32.7±4.7 33.8±3.4 || [unknown] tweenblocks.Fiveblocksconstitutedoneseriesandonesession Post 37.8±4.1 35.9±4.8 || [CMJ] heir group, the participants performed",FALSE,CMJ:5 pairs; DJ:5 pairs; Total unique Mean±SD pairs: 19
75,40847430,Zemkova E,2025,"Zemková and Štefániková BMC Sports Science, Medicine",10.1186/s13102-025-01296-y,s13102-025-01296-y.pdf,Table3,auto_draft,,,,mixed,,,,noisy,,,,,[CMJ] when measured during RJs ( 125.2±29.0 cm/s and SJ and CMJ height and,,,,[unknown] 7–8 26 125.3±5.8 24.4 ± 6.9 26 124.6 ± 4.0 24.3 || [unknown] 9–10 25 135.8±6.5 30.6 ± 7.5 24 135.6 ± 4.7 30.3 || [unknown] 11–12 22 146.7±6.9 33.5 ± 8.3 23 145.9 ± 4.9 39.1 || [unknown] 13–14 24 160.5±7.5 48.3 ± 7.9 23 157.9 ± 5.1 47.1 || [unknown] 15–16 26 172.0±7.5 59.0 ± 8.8 26 161.4 ± 6.1 53.4 || [unknown] 17–18 26 175.6±7.8 66.2 ± 9.0 25 163.4 ± 5.8 56.5 || [unknown] 19–20 27 177.0±7.7 70.3 ± 9.1 25 164.5 ± 5.5 58.4 || [unknown] 21–22 26 178.5±8.2 75.6 ± 8.9 25 166.9 ± 5.7 57.3 || [unknown] 23–24 20 178.8±7.9 78.0 ± 10.0 21 166.5 ± 6.3 58. || [unknown]  8±9.1 Zemková and Štefániková BMC Sp || [CMJ] when measured during RJs ( 125.2±29.0 cm/s and SJ and CMJ height and,FALSE,CMJ:1 pairs; Total unique Mean±SD pairs: 11
76,37280245,Ahmadabadi S,2023,"Somayeh Ahmadabadi 1*, Hamid Rjabi 2, Reza Gharakhanlou 3, Saeed Talebian 4 &",10.1038/s41598-023-36461-1,s41598-023-36461-1.pdf,Table1,auto_draft,20,10,10,mixed,,1,,none,,,,,,,,,[age] Age (years) 21.8±0.63 21.5 ± 0.97 || [anthropometry] Height (m) 1.65±0.05 1.63 ± 0.05 || [anthropometry] Body mass (kg) 57.33±8.84 56.65 ± 10.39 || [unknown] BMI (kg/m2) 21.1±2.5 21.3 ± 1.9 || [unknown] Fat percent (%) 29.32±6.7 27.84 ± 8.53 || [unknown] PR 10.73±12.00 5.34 ± 5.36 4.80 ± 6.58 5.94 ± || [unknown] CO 26.75±25.70 13.11 ± 7.10 9.88 ± 8.60 12.50 || [unknown] FL 36.41±30.82 19.61 ± 9.31 13.82 ± 10.55 18. || [unknown]  82±24.33 PR 56.1 ± 38.82 64.9 ± 50.83 5 || [unknown]  5.80±40.86 57.80 ± 41.02 || [unknown] Rector femoris CO 170.6±111.63 164.5 ± 127.99 152.0 ± 97.59 1 || [unknown]  41.1±13.09 8.84 0.000** 1.32 0.27 0.94 0. || [unknown] FL 196.1±118.49 241.2 ± 191.54 183.6 ± 95.60 1 || [unknown]  66.6±19.08 PR 0.194 ± 0.10 0.216 ± 0.07 0 || [unknown] . 187±0.10 0.153 ± 0.09 || [unknown] CO 0.231±0.05 0.213 ± 0.07 0.233 ± 0.09 0.26 || [unknown]  8±0.07 20.02 0.16 5.9 0.000** 0.17 0. || [unknown] FL 0.169±0.08 0.135 ± 0.07 0.221 ± 0.07 0.17 || [unknown]  6±0.07 PR 2.44 ±,TRUE,Total unique Mean±SD pairs: 159
77,40595375,Chang CH,2025,This study aimed to evaluate whether a four-week plyometric training program could improve rowing-,10.1038/s41598-025-09673-w,s41598-025-09673-w.pdf,Table2,auto_draft,23,11,12,male,,,,good,,,,,"[CMJ]  19.1±3.3 years; height: 169.3 ± 7.3 cm; || [CMJ] raining adapted from, Egan-Shuttler et al., 2017, 2019; age: 18.2±2.6 years; height: 171.7 ± 4.5 cm; || [CMJ] Height (cm) 169.3±7.3 169.3 ± 7.3 171.7 ± 4.5 171.7 || [CMJ] . 2±2.6 Height (cm) | 169.3 ± 7.3 | 16 || [CMJ] CMJ | 1159.75±168.73 | 1208.37 ± 154.56 | 1171.14 ± || [CMJ] CMJ | 16.08±2.67 | 16.85 ± 2.29 | 16.60 ± 2.40",,,[sprint] 31.97 4752.21±1029.77 200ms || [sprint] . 39±14.90 200ms || [sprint] 30ms | 8643.96±2225.64 | 9482.11 ± 3129.76 | 9305.55 || [sprint] 30ms | 12.15±3.20 | 13.34 ± 4.14 | 13.51 ± 3.50,"[CMJ]  19.1±3.3 years; height: 169.3 ± 7.3 cm; || [anthropometry] body weight: 73.4±12.5 kg) or an experimental group ( || [CMJ] raining adapted from, Egan-Shuttler et al., 2017, 2019; age: 18.2±2.6 years; height: 171.7 ± 4.5 cm; || [unknown]  71.3±8.6 kg) for a four-week group trai || [age] Age (years) 19.1±3.3 19.1 ± 3.3 18.2 ± 2.6 18.2 ± 2 || [CMJ] Height (cm) 169.3±7.3 169.3 ± 7.3 171.7 ± 4.5 171.7 || [unknown] BW (kg) 73.4±12.5 73.8 ± 12.5 71.3 ± 8.6 71.6 ± || [unknown] BMI (kg/m2) 25.6±3.9 25.7 ± 3.8 24.2 ± 2.5 24.3 ± 2 || [unknown] SMM (kg) 32.7±5.3 32.9 ± 5.5 33.5 ± 3.3 33.8 ± 3 || [unknown] PBF (%) 20.8±8.7 20.8 ± 8.9 16.5 ± 5.1 16.5 ± 5 || [unknown] RMR (Kcal) 1616.7±185.5 1624.6 ± 192.4 1649.7 ± 114.9 || [unknown]  1658.0±121.5 Table 2. The characteristics a || [unknown] RFD (N·s−1) 8643.96±2225.64 9482.11 ± 3129.76 9305.55 ± 22 || [unknown] 77.44 1 2233.18±3044.56 * || [unknown] RFD /BW (N·s−1·kg−1) 12.15±3.20 13.34 ± 4.14 13.51 ± 3.50 17.7 || [unknown]  9±4.97 * || [unknow",FALSE,CMJ:6 pairs; Sprint:6 pairs; Total unique Mean±SD pairs: 75
78,20453686,Santos EJ,2011,"Faculty of Sport, University of Porto, Porto, Portugal",,santos2011.pdf,Table0,auto_draft,14,7,7,male,,10,,none,,,,,,,,,,TRUE,Total unique Mean±SD pairs: 0
79,31145864,Scarborough DM,2019,research-article2019 SPHXXX10.1177/1941738119846513Scarborough et alSports Health,10.1177/1941738119846513Scarborough,scarborough2019.pdf,Table3,auto_draft,52,8,44,female,,,,none,,,,,,,,,[unknown] athletes was 16.46±2.59 years. The LESS was scored usi || [unknown] es (worse landing mechanics) during the second DVJ landing ( 10.10±2.25 ) than the first || [unknown] landing ( 6.97±2.72 ). || [unknown] Softball players 16.5±2.4 1.68 ± 0.07 66.84 ± 13.52 || [unknown] Gymnasts 16.3±3.1 1.59 ± 0.09 55.09 ± 9.59 || [unknown] Total 16.5±2.6 1.65 ± 0.09 63.37 ± 13.51 || [unknown]  all 17 measures was calculated as the final LESS value.23 ( 6.97±2.72 ) and second (10.10 ± 2.25) la || [unknown] Knee flexion angle 0.18±0.31 0.15 ± 0.31 0.55 ± 1.03 0.31 ± || [unknown] 0.47 0.16±0.29 0.51 ± 0.38 || [unknown] Hip flexion angle 0.42±0.45 0.29 ± 0.40 0.59 ± 0.40 0.70 ± || [unknown] 0.38 0.68±0.38 0.74 ± 0.39 || [unknown] Trunk flexion angle 0.45±0.48 0.34 ± 0.45 0.69 ± 0.41 0.74 ± || [unknown] 0.39 0.70±0.40 0.87 ± 0.29 || [unknown] Ankle plantar flexion 0.068±0.21 0.063 ± 0.18 0.17 ± 0.35 0.045 || [unknown] ± 0.17 0.043±0.19 0.026 ± 0.092 || [unknown] Softball players | 16.5±2.4 | 1.6,TRUE,Total unique Mean±SD pairs: 26
80,32258385,Stien N,2020,Effects of Overspeed or Overload Plyometric Training on Jump,10.1055/a-1116-0749,stien2020.pdf,Table1,auto_draft,72,16,56,mixed,21.2±1.7,,,good,,,,,"[CMJ] velocity, training, muscle thickness, testing mass: 65.1±8.2 kg; height: 168.0 ± 5.9 cm) we",,,,"[age] Key words experience. Fifty-six participants (age: 21.2±1.7 years; body || [CMJ] velocity, training, muscle thickness, testing mass: 65.1±8.2 kg; height: 168.0 ± 5.9 cm) we || [unknown] revised 07.01.2020 pleted 18.7±1.7 sessions consisting of three d || [unknown] observed for MT. The OS and OL groups increased MT ( 7.08±6.22 %, ly, the present study and c || [unknown] as MT remained unchanged in the CON group ( 1.55±6.22 %, ing stimulus, it is possibl",FALSE,CMJ:1 pairs; Total unique Mean±SD pairs: 5
81,15241721,Toumi H,2004,"(cid:10)(cid:11)(cid:12)(cid:3)(cid:4)(cid:13)(cid:8)(cid:3) (cid:25)9:"" ,$(cid:7)(cid:12)(cid:15)(cid:14)(cid:5)(cid:7)(cid:5) (cid:27)(cid:7)(cid:12)(cid:7) (cid:19)(cid:7)(cid:12)(cid:20)(cid:11)(cid:12)(cid:10)(cid:7)(cid:9) (cid:20)(cid:11)(cid:",,toumi2004.pdf,Table1,auto_draft,,,,mixed,,,,none,,,,,,,,,,TRUE,Total unique Mean±SD pairs: 0
82,32841300,Van Roie E,2020,"EvelienVanRoieID 1*,SimonWalkerID 2,StijnVanDriessche1,TijsDelabastita3,",10.1371/journal.pone.0237921,vanroie2020.pdf,Table3,auto_draft,26,12,14,male,,12,,good,,,,,"[CMJ] yheight: 174.8±6.4 cm,BMI:27.1±3.2kg/m2)werefound || [CMJ] Bodyheight(cm) 170.1±5.4 175.6±5.8 177.6±6.5� 0.008",,,,"[unknown] Accepted:August5,2020 ( 69.5±3.9 years)wererandomizedto12-weeks || [unknown] threeinPLYO(2musclestrains,1kneepain)droppedout.Adherenceto( 91.2±4.4 %)and || [unknown] acceptabilityof(�7/10)PLYOwashigh.1-RMimprovedmoreinRT( 25.0±10.0 %)and || [anthropometry] tion.Intotal,42men(age: 69.4±3.8 years,bodymass:82.7±10.5kg,bod || [CMJ] yheight: 174.8±6.4 cm,BMI:27.1±3.2kg/m2)werefound || [age] Age(years) 68.2±2.7 69.6±3.3 70.5±5.1 0.334 || [CMJ] Bodyheight(cm) 170.1±5.4 175.6±5.8 177.6±6.5� 0.008 || [anthropometry] Bodymass(kg) 81.1±9.9 86.1±11.8 80.2±10.2 0.305 || [unknown] BMI(kg/m2) 28.0±2.8 27.9±3.5 25.4±2.8 0.060 || [unknown] ExercisesessionadherencewashigherinWALK( 106.7±18.6 %)thaninPLYO || [unknown] ber,adherenceinWALKdroppedto 93.1±7.8 andwasnolongerdifferentfromPLY || [unknown] sis,adherenceincreasedto 91.2±4.4 %inPLYOand93.9±4.8%inRT.Thenum || [unknown] groupwalksattendedwas 12.4±9.6 (rangingfrom1to29),whichcorres || [unknown] weekonaverage.Groupsizeduringthesewalkswas 4±2",FALSE,CMJ:2 pairs; Total unique Mean±SD pairs: 63
83,19083719,Vescovi JD,2008,Effects of a plyometric program on vertical landing force and jumping,10.1016/j.ptsp.2008.08.001,vescovi2008.pdf,Table1,auto_draft,,,,female,,6,,none,,,,,,,,,,TRUE,Total unique Mean±SD pairs: 0
84,18978625,Vissing K,2008,"KRISTIAN VISSING,1 MADS BRINK,1,4 SIMON LØNBRO,1,4 HENRIK SØRENSEN,1 KRISTIAN OVERGAARD,1",,vissing2008.pdf,Table2,auto_draft,13,5,8,male,,12,,none,,,,,,,,,,TRUE,Total unique Mean±SD pairs: 0
85,19924006,Wallace BJ,2010,"BRIAN J. WALLACE,1 THOMAS W. KERNOZEK,2 JAMES M. WHITE,3 DENNIS E. KLINE,3",,wallace2010.pdf,Table3,auto_draft,,,,mixed,,,,none,,,,,,,,,,TRUE,Total unique Mean±SD pairs: 0
86,18158693,Walsh MS,2007,This article was downloaded by: [Chulalongkorn University],10.1080/15438620701693306,walsh2007.pdf,Table2,auto_draft,31,6,25,mixed,,,,good,,,,,[CMJ] Height [cm] 194.8±11.3 198.6 ± 7.0 179.4 ± 8.8 180.3,,,,[unknown] Age 19.8±0.9 19.6 ± 1.4 19.1 ± 1.2 19.5 ± 1 || [CMJ] Height [cm] 194.8±11.3 198.6 ± 7.0 179.4 ± 8.8 180.3 || [anthropometry] Body mass [kg] 94.7±1.9 101.3 ± 15.2 70 ± 9.2 75.3 ± 1,FALSE,CMJ:1 pairs; Total unique Mean±SD pairs: 3
87,29985223,Weakley JJS,2021,"1Institute for Sport, Physical Activity and Leisure, Leeds Beckett University, Leeds, West Yorkshire, United Kingdom;",,weakley2021.pdf,Table1,auto_draft,,,,mixed,,4,,none,,,,,,,,,,TRUE,Total unique Mean±SD pairs: 0
88,25115142,Wehbe G,2015,Monitoring Neuromuscular Fatigue in Team-Sport Athletes,10.1123/ijspp.2014-0217,wehbe2015.pdf,Table3,auto_draft,,,,mixed,17.5±0.6,,,good,,,,,[CMJ] CMJ PP 0.04±0.45 –0.57 ± 0.43 0.00 ± 0.45 || [CMJ] CMJ MP – 0.67±0.52 –0.60 ± 0.40 –0.10 ± 0.47 || [CMJ] CMJ FT – 0.45±0.27 –0.70 ± 0.39 –0.54 ± 0.33,,,"[sprint] distance was 130±13 m/min, and relative high-speed","[unknown] (mean ± SD age 17.5±0.6 y, stature 184.7 ± 8.8 cm, bod || [anthropometry] y mass 75.3±7.8 kg) from an Australian Footbal || [unknown] age 17.5±0.6 y, stature 184.7 ± 8.8 cm, bod || [anthropometry] y mass 75.3±7.8 kg) in their seats for the dur || [unknown] On-field match time was 58.6±3.5 minutes, which was 96.7% ± || [unknown] total distance of 7627±708 m during the match, of which 2 || [unknown]  122±346 m was covered at high speeds ( || [sprint] distance was 130±13 m/min, and relative high-speed || [unknown] was 35±6 m/min. || [unknown] – 1.16±1.00 ; || [unknown] Cycle-ergometer PP – 0.33±0.41 –0.40 ± 0.41 –0.27 ± 0.32 || [CMJ] CMJ PP 0.04±0.45 –0.57 ± 0.43 0.00 ± 0.45 || [CMJ] CMJ MP – 0.67±0.52 –0.60 ± 0.40 –0.10 ± 0.47 || [CMJ] CMJ FT – 0.45±0.27 –0.70 ± 0.39 –0.54 ± 0.33",FALSE,CMJ:3 pairs; Sprint:1 pairs; Total unique Mean±SD pairs: 14
89,27662489,Yanci J,2017,"J AVIER Y ANCI ,1 D ANIEL C ASTILLO ,1 A ITOR I TURRICASTILLO ,1 R UBE´N A YARRA ,1 AND",,yanci2017.pdf,Table0,auto_draft,27,12,15,mixed,,,2,none,,,,,,,,,,TRUE,Total unique Mean±SD pairs: 0
90,28538312,Zubac D,2017,5 Title: Skeletal muscle contraction time and tone decrease after 8 weeks of plyometric training,10.1519/JSC.0000000000001626,zubac2017.pdf,Table1,auto_draft,,,,mixed,22.4±4.7,8,,none,,,,,,,,,"[age] 31 subjects (50% males; age 22.4±4.7 years of age, randomly divided || [age] mized controlled trial, 20 subjects (50T% males; average age 22.4±4.7 years; || [anthropometry] 150 ranged from 20-40 years old, body mass index 24.4±2.2 kg/m2) were randomly recruited || [unknown] 228 completed an average 19.6±1.71 from a total of 24 PT sessions || [age] Age / years 22.4±4.72 24.1 ± 6.31 20.7 ± .82 .109 || [anthropometry] Body mass / kg 74.8±14.1 80.6 ± 15.6 68.8 ± 10.1 .061 || [unknown] BMI / kg/m2 24.4±2.2 25.1 ± 2.7 23.7 ± 1.3 0.12",TRUE,Total unique Mean±SD pairs: 7
91,37531523,Romero-Morales C,2023,https://doi.org/10.1590/1516-3180.2022.0548.R1.10032023 ORIGINAL ARTICLE,10.1590/1516-3180.2022.0548.R1.10032023,下载.pdf,Table1,auto_draft,58,19,39,mixed,,,,good,,,,,[CMJ] pe-no-tape and male-female comparisons) SL-CMJ knee valgus F 15.25±7.84 13.95± 6.96 0.218 || [CMJ] SL-CMJ height 0.13±0.05 0.12 ± 0.04 0.228 || [CMJ] SL-CMJ flight time 0.32±0.06 0.31 ± 0.03 0.324 || [CMJ] SL-CMJ ground time 0.91±0.30 0.93 ± 0.28 0.762,,[DJ] Drop jump knee valgus F 12.92±6.08 15.73 ± 8.15 0.007 || [DJ] Drop jump height 0.14±0.05 0.13 ± 0.04 0.085 || [DJ] mality of data distribution. Student’s Drop jump flight time 0.33±0.07 0.32 ± 0.05 0.208 || [DJ] est were used to check the differences Drop jump ground time 0.33±0.05 0.50 ± 0.16 ,,"[DJ] Drop jump knee valgus F 12.92±6.08 15.73 ± 8.15 0.007 || [DJ] Drop jump height 0.14±0.05 0.13 ± 0.04 0.085 || [DJ] mality of data distribution. Student’s Drop jump flight time 0.33±0.07 0.32 ± 0.05 0.208 || [DJ] est were used to check the differences Drop jump ground time 0.33±0.05 0.50 ± 0.16 0.476 || [CMJ] pe-no-tape and male-female comparisons) SL-CMJ knee valgus F 15.25±7.84 13.95± 6.96 0.218 || [CMJ] SL-CMJ height 0.13±0.05 0.12 ± 0.04 0.228 || [CMJ] SL-CMJ flight time 0.32±0.06 0.31 ± 0.03 0.324 || [CMJ] SL-CMJ ground time 0.91±0.30 0.93 ± 0.28 0.762 || [unknown] Y-Balance anterior 86.0±6.77 82.92 ± 7.96 0.001 || [unknown] all measurements. The level of significance Y-Balance medial 74.92±9.95 70.56 ± 8.87 0.002 || [strength/power] desired power of 80% (β error of 0.2). Ankle dorsiflexion DF 47.11±7.90 39.22 ± 5.75 0.001 || [unknown] Ankle DF Asymmetry 7.69±5.65 13.13 ± 7.79 0.001 || [age] Age, years 21.20±1.42 20.94± 1.89 21.45 ± 3.28 0.565 || [anthropometry] Height, m 1.71",FALSE,CMJ:4 pairs; DJ:4 pairs; Total unique Mean±SD pairs: 16
